country,name,full_name,tag,id
argentina,Argentina 1Y,Argentina 1-Year,argentina-1-year,950987
argentina,Argentina 3Y,Argentina 3-Year,argentina-3-year-bond-yield,23958
argentina,Argentina 5Y,Argentina 5 Year,argentina-5-year,1141783
argentina,Argentina 9Y,Argentina 9-Year,argentina-9-year,1052503
australia,Australia 30Y,Australia 30-Year,australia-30-year,1052473
australia,Australia 20Y,Australia 20-Year,australia-20-year,1052472
australia,Australia 15Y,Australia 15-Year,australia-15-year-bond-yield,23880
australia,Australia 12Y,Australia 12-Year,australia-12-year-bond-yield,23879
australia,Australia 10Y,Australia 10-Year,australia-10-year-bond-yield,23878
australia,Australia 8Y,Australia 8-Year,australia-8-year-bond-yield,23876
australia,Australia 9Y,Australia 9-Year,australia-9-year-bond-yield,23877
australia,Australia 6Y,Australia 6-Year,australia-6-year-bond-yield,23874
australia,Australia 5Y,Australia 5-Year,australia-5-year-bond-yield,23873
australia,Australia 4Y,Australia 4-Year,australia-4-year-bond-yield,23872
australia,Australia 3Y,Australia 3-Year,australia-3-year-bond-yield,23871
australia,Australia 2Y,Australia 2-Year,australia-2-year-bond-yield,23870
australia,Australia 1Y,Australia 1-Year,australia-1-year-bond-yield,23869
australia,Australia 7Y,Australia 7-Year,australia-7-year-bond-yield,23875
austria,Austria 10Y,Austria 10-Year,austria-10-year-bond-yield,23862
austria,Austria 50Y,Austria 50-Year,austria-50-year-bond-yield,23865
austria,Austria 30Y,Austria 30-Year,austria-30-year,1052399
austria,Austria 25Y,Austria 25-Year,austria-25-year-bond-yield,23864
austria,Austria 20Y,Austria 20-Year,austria-9-year-bond-yield,23861
austria,Austria 15Y,Austria 15-Year,austria-15-year-bond-yield,23863
austria,Austria 9Y,Austria 9-Year,austria-9-year,1052471
austria,Austria 3Y,Austria 3-Year,austria-3-year-bond-yield,23855
austria,Austria 7Y,Austria 7-Year,austria-7-year-bond-yield,23859
austria,Austria 6Y,Austria 6-Year,austria-6-year-bond-yield,23858
austria,Austria 5Y,Austria 5-Year,austria-5-year-bond-yield,23857
austria,Austria 4Y,Austria 4-Year,austria-4-year-bond-yield,23856
austria,Austria 2Y,Austria 2-Year,austria-2-year-bond-yield,23854
austria,Austria 1Y,Austria 1-Year,austria-1-year-bond-yield,23853
austria,Austria 8Y,Austria 8-Year,austria-8-year-bond-yield,23860
bahrain,Bahrain 3M,Bahrain 3-Month,bahrain-3-month,1052506
bahrain,Bahrain 6M,Bahrain 6-Month,bahrain-6-month,1052508
bahrain,Bahrain 9M,Bahrain 9-Month,bahrain-9-month,1052509
bahrain,Bahrain 1Y,Bahrain 1-Year,bahrain-1-year,1052504
bahrain,Bahrain 2Y,Bahrain 2-Year,bahrain-2-year,1052505
bahrain,Bahrain 5Y,Bahrain 5-Year,bahrain-5-year,1052507
bangladesh,Bangladesh 15Y,Bangladesh 15-Year,bangladesh-15-year,1052586
bangladesh,Bangladesh 20Y,Bangladesh 20-Year,bangladesh-20-year,1052588
bangladesh,Bangladesh 5Y,Bangladesh 5-Year,bangladesh-5-year,1052591
bangladesh,Bangladesh 10Y,Bangladesh 10-Year,bangladesh-10-year,1052585
bangladesh,Bangladesh 1Y,Bangladesh 1-Year,bangladesh-1-year,1052587
bangladesh,Bangladesh 3M,Bangladesh 3-Month,bangladesh-3-month,1052590
bangladesh,Bangladesh 2Y,Bangladesh 2-Year,bangladesh-2-year,1052589
bangladesh,Bangladesh 6M,Bangladesh 6-Month,bangladesh-6-month,1052592
belgium,Belgium 5Y,Belgium 5-Year,belguim-5-year-bond-yield,23821
belgium,Belgium 20Y,Belgium 20-Year,belguim-20-year-bond-yield,23828
belgium,Belgium 15Y,Belgium 15-Year,belguim-15-year-bond-yield,23827
belgium,Belgium 10Y,Belgium 10-Year,belguim-10-year-bond-yield,23826
belgium,Belgium 9Y,Belgium 9-Year,belguim-9-year-bond-yield,23825
belgium,Belgium 8Y,Belgium 8-Year,belguim-8-year-bond-yield,23824
belgium,Belgium 7Y,Belgium 7-Year,belguim-7-year-bond-yield,23823
belgium,Belgium 6Y,Belgium 6-Year,belguim-6-year-bond-yield,23822
belgium,Belgium 3Y,Belgium 3-Year,belguim-3-year-bond-yield,23819
belgium,Belgium 2Y,Belgium 2-Year,belguim-2-year-bond-yield,23818
belgium,Belgium 1Y,Belgium 1-Year,belguim-1-year-bond-yield,23817
belgium,Belgium 9M,Belgium 9-Month,belgium-9-month,1052469
belgium,Belgium 6M,Belgium 6-Month,belguim-6-month-bond-yield,23816
belgium,Belgium 3M,Belgium 3-Month,belguim-3-month-bond-yield,23815
belgium,Belgium 1M,Belgium 1-Month,belgium-1-month,1052468
belgium,Belgium 4Y,Belgium 4-Year,belguim-4-year-bond-yield,23820
botswana,Botswana 7Y,Botswana 7-Year,botswana-7-years-bond-yield,42368
botswana,Botswana 13Y,Botswana 13-Years,botswana-13-years,1080086
botswana,Botswana 5Y,Botswana 5-Year,botswana-5-years,1080087
botswana,Botswana 6M,Botswana 6-Month,botswana-6-months-bond-yield,42379
botswana,Botswana 3Y,Botswana 3-Year,botswana-3-years-bond-yield,42373
brazil,Brazil 3M,Brazil 3-Month,brazil-3-month,1052514
brazil,Brazil 6M,Brazil 6-Month,brazil-6-month,1052515
brazil,Brazil 9M,Brazil 9-Month,brazil-9-month-bond-yield,24023
brazil,Brazil 1Y,Brazil 1-Year,brazil-1-year-bond-yield,24024
brazil,Brazil 2Y,Brazil 2-Year,brazil-2-year-bond-yield,24025
brazil,Brazil 3Y,Brazil 3-Year,brazil-3-year-bond-yield,24026
brazil,Brazil 5Y,Brazil 5-Year,brazil-5-year-bond-yield,24027
brazil,Brazil 8Y,Brazil 8-Year,brazil-6-year-bond-yield,24028
brazil,Brazil 10Y,Brazil 10-Year,brazil-10-year-bond-yield,24029
bulgaria,Bulgaria 10Y,Bulgaria 10-Year,bulgaria-10-year-bond-yield,23996
bulgaria,Bulgaria 7Y,Bulgaria 7-Year,bulgaria-7-year-bond-yield,23995
bulgaria,Bulgaria 5Y,Bulgaria 5-Year,bulgaria-5-year-bond-yield,23994
bulgaria,Bulgaria 1M,Bulgaria 1-Month,bulgaria-1-month-bond-yield,23991
bulgaria,Bulgaria 1Y,Bulgaria 1-Year,bulgaria-1-year-bond-yield,23992
bulgaria,Bulgaria 3Y,Bulgaria 3-Year,bulgaria-3-year-bond-yield,23993
canada,Canada 5Y,Canada 5-Year,canada-5-year-bond-yield,25273
canada,Canada 30Y,Canada 30-Year,canada-30-year-bond-yield,25277
canada,Canada 20Y,Canada 20-Year,canada-20-year-bond-yield,25276
canada,Canada 10Y,Canada 10-Year,canada-10-year-bond-yield,25275
canada,Canada 7Y,Canada 7-Year,canada-7-year-bond-yield,25274
canada,Canada 4Y,Canada 4-Year,canada-4-year-bond-yield,25272
canada,Canada 2Y,Canada 2-Year,canada-2-year-bond-yield,25270
canada,Canada 3Y,Canada 3-Year,canada-3-year-bond-yield,25271
canada,Canada 1Y,Canada 1-Year,canada-1-year-bond-yield,25269
canada,Canada 6M,Canada 6-Month,canada-6-month-bond-yield,25268
canada,Canada 3M,Canada 3-Month,canada-3-month-bond-yield,25267
canada,Canada 2M,Canada 2-Month,canada-2-month-bond-yield,25266
canada,Canada 1M,Canada 1-Month,canada-1-month-bond-yield,25265
chile,Chile 10Y,Chile 10-Year,chile-10-year-bond-yield,29214
chile,Chile 8Y,Chile 8-Year,chile-8-year-bond-yield,29223
chile,Chile 5Y,Chile 5-Year,chile-5-year-bond-yield,29222
chile,Chile 3Y,Chile 3-Year,chile-3-year-bond-yield,29220
chile,Chile 2Y,Chile 2-Year,chile-2-year-bond-yield,29219
chile,Chile 1Y,Chile 1-Year,chile-1-year-bond-yield,29218
chile,Chile 4Y,Chile 4-Year,chile-4-year-bond-yield,29221
china,China 10Y,China 10-Year,china-10-year-bond-yield,29227
china,China 20Y,China 20-Year,china-20-year-bond-yield,29229
china,China 15Y,China 15-Year,china-15-year-bond-yield,29228
china,China 7Y,China 7-Year,china-7-year-bond-yield,29235
china,China 30Y,China 30-Year,china-30-year-bond-yield,29230
china,China 3Y,China 3-Year,china-3-year-bond-yield,29233
china,China 2Y,China 2-Year,china-2-year-bond-yield,29232
china,China 1Y,China 1-Year,china-1-year-bond-yield,29231
china,China 5Y,China 5-Year,china-5-year-bond-yield,29234
colombia,Colombia 1Y,Colombia 1-Year,colombia-2-year-bond-yield,29238
colombia,Colombia 4Y,Colombia 4-Year,colombia-3-year-bond-yield,29239
colombia,Colombia 5Y,Colombia 5-Year,colombia-5-year-bond-yield,29240
colombia,Colombia 10Y,Colombia 10-Year,colombia-10-year-bond-yield,29236
colombia,Colombia 15Y,Colombia 15-Year,colombia-15-year-bond-yield,29237
croatia,Croatia 10Y,Croatia 10-Year,croatia-10-year-bond-yield,24002
croatia,Croatia 3Y,Croatia 3-Year,croatia-3-year-bond-yield,24000
croatia,Croatia 5Y,Croatia 5-Year,croatia-5-year-bond-yield,24001
croatia,Croatia 9M,Croatia 9-Month,croatia-9-month-bond-yield,23998
croatia,Croatia 1Y,Croatia 1-Year,croatia-1-year-bond-yield,23999
cyprus,Cyprus 1Y,Cyprus 1-Year,cyprus-1-year,1117979
cyprus,Cyprus 3Y,Cyprus 3-Year,cyprus-3-year-bond-yield,1090692
cyprus,Cyprus 5Y,Cyprus 5-Year,cyprus-5-year-bond-yield,1090693
cyprus,Cyprus 7Y,Cyprus 7-Year,cyprus-7-year-bond-yield,1090695
cyprus,Cyprus 10Y,Cyprus 10-Year,cyprus-10-year,1117981
czech republic,Czech Republic 8Y,Czech Republic 8-Year,czech-republic-8-year,1052517
czech republic,Czech Republic 50Y,Czech Republic 50-Year,czech-republic-50-year-bond-yield,29246
czech republic,Czech Republic 20Y,Czech Republic 20-Year,czech-republic-20-year,1052516
czech republic,Czech Republic 15Y,Czech Republic 15-Year,czech-republic-15-year-bond-yield,29243
czech republic,Czech Republic 10Y,Czech Republic 10-Year,czech-republic-10-year-bond-yield,29241
czech republic,Czech Republic 9Y,Czech Republic 9-Year,czech-republic-9-year-bond-yield,29255
czech republic,Czech Republic 7Y,Czech Republic 7-Year,czech-republic-7-year-bond-yield,29254
czech republic,Czech Republic 4Y,Czech Republic 4-Year,czech-republic-4-year-bond-yield,29251
czech republic,Czech Republic 5Y,Czech Republic 5-Year,czech-republic-5-year-bond-yield,29252
czech republic,Czech Republic 6Y,Czech Republic 6-Year,czech-republic-6-year-bond-yield,29253
czech republic,Czech Republic 3Y,Czech Republic 3-Year,czech-republic-3-year-bond-yield,29250
czech republic,Czech Republic 2Y,Czech Republic 2-Year,czech-republic-2-year-bond-yield,29249
czech republic,Czech Republic 1Y,Czech Republic 1-Year,czech-republic-1-year-bond-yield,29248
egypt,Egypt 10Y,Egypt 10-Year,egypt-10-year-bond-yield,40639
egypt,Egypt 7Y,Egypt 7-Year,egypt-7-year-bond-yield,40645
egypt,Egypt 5Y,Egypt 5-Year,egypt-5-year-bond-yield,40643
egypt,Egypt 2Y,Egypt 2-Year,egypt-2-year,1052495
egypt,Egypt 3Y,Egypt 3-Year,egypt-3-year-bond-yield,40642
egypt,Egypt 9M,Egypt 9-Month,egypt-9-month-bond-yield,40646
egypt,Egypt 6M,Egypt 6-Month,egypt-6-month-bond-yield,40644
egypt,Egypt 3M,Egypt 3-Month,egypt-3-month-bond-yield,40641
egypt,Egypt Overnight,Egypt Overnight,egypt-overnight-rate,40647
egypt,Egypt 1Y,Egypt 1-Year,egypt-1-year-bond-yield,40640
france,France 8Y,France 8-Year,france-8-year-bond-yield,23776
france,France 30Y,France 30-Year,france-30-year-bond-yield,23781
france,France 25Y,France 25-Year,france-25-year,1052459
france,France 20Y,France 20-Year,france-20-year-bond-yield,23780
france,France 50Y,France 50-Year,france-50-year-bond-yield,23782
france,France 15Y,France 15-Year,france-15-year-bond-yield,23779
france,France 10Y,France 10-Year,france-10-year-bond-yield,23778
france,France 9Y,France 9-Year,france-9-year-bond-yield,23777
france,France 7Y,France 7-Year,france-7-year-bond-yield,23775
france,France 9M,France 9-Month,france-9-month-bond-yield,23768
france,France 5Y,France 5-Year,france-5-year-bond-yield,23773
france,France 4Y,France 4-Year,france-4-year-bond-yield,23772
france,France 3Y,France 3-Year,france-3-year-bond-yield,23771
france,France 2Y,France 2-Year,france-2-year-bond-yield,23770
france,France 1Y,France 1-Year,france-1-year-bond-yield,23769
france,France 6M,France 6-Month,france-6-month-bond-yield,23767
france,France 3M,France 3-Month,france-3-month-bond-yield,23766
france,France 1M,France 1-Month,france-1-month-bond-yield,23765
france,France 6Y,France 6-Year,france-6-year-bond-yield,23774
germany,Germany 10Y,Germany 10-Year,germany-10-year-bond-yield,23693
germany,Germany 9Y,Germany 9-Year,germany-9-year-bond-yield,23692
germany,Germany 15Y,Germany 15-Year,germany-15-year-bond-yield,23694
germany,Germany 8Y,Germany 8-Year,germany-8-year-bond-yield,23691
germany,Germany 25Y,Germany 25-Year,germany-25-year,1052452
germany,Germany 30Y,Germany 30-Year,germany-30-year-bond-yield,23696
germany,Germany 20Y,Germany 20-Year,germany-20-year-bond-yield,23695
germany,Germany 7Y,Germany 7-Year,germany-7-year-bond-yield,23690
germany,Germany 1Y,Germany 1-Year,germany-1-year-bond-yield,23684
germany,Germany 5Y,Germany 5-Year,germany-5-year-bond-yield,23688
germany,Germany 4Y,Germany 4-Year,germany-4-year-bond-yield,23687
germany,Germany 3Y,Germany 3-Year,germany-3-year-bond-yield,23686
germany,Germany 2Y,Germany 2-Year,germany-2-year-bond-yield,23685
germany,Germany 6Y,Germany 6-Year,germany-6-year-bond-yield,23689
germany,Germany 9M,Germany 9-Month,germany-9-month-bond-yield,23683
germany,Germany 6M,Germany 6-Month,germany-6-month-bond-yield,23682
germany,Germany 3M,Germany 3 Month,germany-3-month-bond-yield,23681
greece,Greece 25Y,Greece 25-Year,greece-30-year-bond-yield,23985
greece,Greece 20Y,Greece 20-Year,greece-3-year-bond-yield,23980
greece,Greece 15Y,Greece 15-Year,greece-15-year-bond-yield,23984
greece,Greece 10Y,Greece 10-Year,greece-10-year-bond-yield,23983
greece,Greece 6M,Greece 6-Month,greece-6-month-bond-yield,23978
greece,Greece 3M,Greece 3-Month,greece-3-month-bond-yield,23977
greece,Greece 1M,Greece 1-Month,greece-7-year-bond-yield,23982
greece,Greece 5Y,Greece 5-Year,greece-5-year-bond-yield,23981
hong kong,Hong Kong 5Y,Hong Kong 5-Year,hong-kong-5-year-bond-yield,23915
hong kong,Hong Kong 15Y,Hong Kong 15-Year,hong-kong-15-year-bond-yield,23918
hong kong,Hong Kong 10Y,Hong Kong 10-Year,hong-kong-10-year-bond-yield,23917
hong kong,Hong Kong 7Y,Hong Kong 7-Year,hong-kong-7-year-bond-yield,23916
hong kong,Hong Kong 2Y,Hong Kong 2-Year,hong-kong-2-year-bond-yield,23912
hong kong,Hong Kong 3Y,Hong Kong 3-Year,hong-kong-3-year-bond-yield,23913
hong kong,Hong Kong 9M,Hong Kong 9-Month,hong-kong-9-month-bond-yield,23910
hong kong,Hong Kong 1Y,Hong Kong 1-Year,hong-kong-1-year-bond-yield,23911
hong kong,Hong Kong 6M,Hong Kong 6-Month,hong-kong-6-month-bond-yield,23909
hong kong,Hong Kong 3M,Hong Kong 3-Month,hong-kong-3-month-bond-yield,23908
hong kong,Hong Kong 1M,Hong Kong 1-Month,hong-kong-1-month-bond-yield,23907
hong kong,Hong Kong 1W,Hong Kong 1-Week,hong-kong-1-week-bond-yield,23906
hungary,Hungary 10Y,Hungary 10-Year,hungary-10-year-bond-yield,23932
hungary,Hungary 5Y,Hungary 5-Year,hungary-5-year-bond-yield,23931
hungary,Hungary 3Y,Hungary 3-Year,hungary-3-year-bond-yield,23930
hungary,Hungary 15Y,Hungary 15-Year,hungary-15-year-bond-yield,23933
hungary,Hungary 6M,Hungary 6-Month,hungary-6-month-bond-yield,23928
hungary,Hungary 3M,Hungary 3-Month,hungary-3-month-bond-yield,23927
hungary,Hungary 1Y,Hungary 1-Year,hungary-1-year-bond-yield,23929
iceland,Iceland 3Y,Iceland 3 Year,iceland-3-year,1141795
iceland,Iceland 6Y,Iceland 6 Year,iceland-6-year,1141796
iceland,Iceland 10Y,Iceland 10-Year,iceland-10-year-bond-yield,29224
india,India 10Y,India 10-Year,india-10-year-bond-yield,24014
india,India 30Y,India 30-Year,india-30-year-bond-yield,24022
india,India 24Y,India 24-Year,india-24-year-bond-yield,24021
india,India 19Y,India 19-Year,india-19-year-bond-yield,24020
india,India 15Y,India 15-Year,india-15-year-bond-yield,24019
india,India 14Y,India 14-Year,india-14-year-bond-yield,24018
india,India 13Y,India 13-Year,india-13-year-bond-yield,24017
india,India 12Y,India 12-Year,india-12-year-bond-yield,24016
india,India 11Y,India 11-Year,india-11-year-bond-yield,24015
india,India 9Y,India 9-Year,india-9-year-bond-yield,24013
india,India 4Y,India 4-Year,india-4-year-bond-yield,24008
india,India 7Y,India 7-Year,india-7-year-bond-yield,24011
india,India 6Y,India 6-Year,india-6-year-bond-yield,24010
india,India 5Y,India 5-Year,india-5-year-bond-yield,24009
india,India 3Y,India 3-Year,india-3-year-bond-yield,24007
india,India 2Y,India 2-Year,india-2-year-bond-yield,24006
india,India 1Y,India 1-Year,india-1-year-bond-yield,24005
india,India 6M,India 6-Month,india-6-month-bond-yield,24004
india,India 3M,India 3-Month,india-3-month-bond-yield,24003
india,India 8Y,India 8-Year,india-8-year-bond-yield,24012
indonesia,Indonesia 30Y,Indonesia 30-Year,indonesia-30-year-bond-yield,29260
indonesia,Indonesia 20Y,Indonesia 20-Year,indonesia-20-year-bond-yield,29258
indonesia,Indonesia 15Y,Indonesia 15-Year,indonesia-15-year-bond-yield,29257
indonesia,Indonesia 10Y,Indonesia 10-Year,indonesia-10-year-bond-yield,29256
indonesia,Indonesia 5Y,Indonesia 5-Year,indonesia-5-year-bond-yield,29264
indonesia,Indonesia 25Y,Indonesia 25-Year,indonesia-25-year-bond-yield,29259
indonesia,Indonesia 1Y,Indonesia 1-Year,indonesia-1-year-bond-yield,29262
indonesia,Indonesia 6M,Indonesia 6-Month,indonesia-6-month-bond-yield,29261
indonesia,Indonesia 3M,Indonesia 3-Month,indonesia-3-month,1052519
indonesia,Indonesia 1M,Indonesia 1-Month,indonesia-1-month,1052518
indonesia,Indonesia 3Y,Indonesia 3-Year,indonesia-3-year-bond-yield,29263
ireland,Ireland 30Y,Ireland 30-Year,ireland-30-year,1052520
ireland,Ireland 20Y,Ireland 20-Year,ireland-20-year-bond-yield,1043090
ireland,Ireland 15Y,Ireland 15-Year,ireland-15-year-bond-yield,29266
ireland,Ireland 10Y,Ireland 10-Year,ireland-10-year-bond-yield,29265
ireland,Ireland 9Y,Ireland 9 Year,ireland-9-year,1141797
ireland,Ireland 7Y,Ireland 7-Year,ireland-7-year-bond-yield,29271
ireland,Ireland 6Y,Ireland 6-Year,ireland-6-year,1052524
ireland,Ireland 4Y,Ireland 4-Year,ireland-4-year,1052522
ireland,Ireland 3Y,Ireland 3-Year,ireland-3-year-bond-yield,29269
ireland,Ireland 1Y,Ireland 1-Year,ireland-1-year-bond-yield,29267
ireland,Ireland 6M,Ireland 6-Month,ireland-6-month,1052523
ireland,Ireland 3M,Ireland 3-Month,ireland-3-month,1052521
ireland,Ireland 5Y,Ireland 5-Year,ireland-5-year-bond-yield,29270
israel,Israel 3Y,Israel 3-Year,israel-3-year-bond-yield,23950
israel,Israel 10Y,Israel 10-Year,israel-10-year-bond-yield,23951
israel,Israel 30Y,Israel 30-Year,israel-30-year,1052483
israel,Israel 5Y,Israel 5-Year,israel-5-year-bond-yield,24043
israel,Israel 2Y,Israel 2-Year,israel-2-year,1052482
israel,Israel 3M,Israel 3-Month,israel-3-month-bond-yield,23948
israel,Israel 9M,Israel 9-Month,israel-9-month,1052485
israel,Israel 6M,Israel 6-Month,israel-6-month,1052484
israel,Israel 1M,Israel 1-Month,israel-1-month,1052481
israel,Israel 1Y,Israel 1-Year,israel-1-year-bond-yield,23949
italy,Italy 50Y,Italy 50-Year,italy-50-year,1052455
italy,Italy 30Y,Italy 30-Year,italy-30-year,41352
italy,Italy 20Y,Italy 20-Year,italy-20-year,41351
italy,Italy 15Y,Italy 15-Year,italy-15-year-bond-yield,23739
italy,Italy 10Y,Italy 10-Year,italy-10-year-bond-yield,23738
italy,Italy 9Y,Italy 9-Year,italy-9-year-bond-yield,23737
italy,Italy 8Y,Italy 8-Year,italy-8-year-bond-yield,23736
italy,Italy 6Y,Italy 6-Year,italy-6-year-bond-yield,23734
italy,Italy 7Y,Italy 7-Year,italy-7-year-bond-yield,23735
italy,Italy 4Y,Italy 4-Year,italy-4-year-bond-yield,23732
italy,Italy 5Y,Italy 5-Year,italy-5-year-bond-yield,23733
italy,Italy 3M,Italy 3-Month,italy-3-month-bond-yield,23726
italy,Italy 6M,Italy 6-Month,italy-6-month-bond-yield,23727
italy,Italy 9M,Italy 9-Month,italy-9-month-bond-yield,23728
italy,Italy 1M,Italy 1-Month,italy-1-month,1052454
italy,Italy 2Y,Italy 2-Year,italy-2-year-bond-yield,23730
italy,Italy 3Y,Italy 3-Year,italy-3-year-bond-yield,23731
italy,Italy 1Y,Italy 1-Year,italy-1-year-bond-yield,23729
japan,Japan 7Y,Japan 7-Year,japan-7-year-bond-yield,23898
japan,Japan 30Y,Japan 30-Year,japan-30-year-bond-yield,23904
japan,Japan 20Y,Japan 20-Year,japan-20-year-bond-yield,23903
japan,Japan 15Y,Japan 15-Year,japan-15-year-bond-yield,23902
japan,Japan 10Y,Japan 10-Year,japan-10-year-bond-yield,23901
japan,Japan 9Y,Japan 9-Year,japan-9-year-bond-yield,23900
japan,Japan 8Y,Japan 8-Year,japan-8-year-bond-yield,23899
japan,Japan 6Y,Japan 6-Year,japan-6-year-bond-yield,23897
japan,Japan 40Y,Japan 40-Year,japan-40-year-bond-yield,23905
japan,Japan 4Y,Japan 4-Year,japan-4-year-bond-yield,23895
japan,Japan 3Y,Japan 3-Year,japan-3-year-bond-yield,23894
japan,Japan 2Y,Japan 2-Year,japan-2-year-bond-yield,23893
japan,Japan 1Y,Japan 1-Year,japan-1-year-bond-yield,23892
japan,Japan 9M,Japan 9-Month,japan-9-month,1052477
japan,Japan 6M,Japan 6-Month,japan-6-month-bond-yield,23891
japan,Japan 3M,Japan 3-Month,japan-3-month-bond-yield,23890
japan,Japan 1M,Japan 1-Month,japan-1-month,1052476
japan,Japan 5Y,Japan 5-Year,japan-5-year-bond-yield,23896
jordan,Jordan 10Y,Jordan 10-Year,jordan-10-year,1052486
jordan,Jordan 7Y,Jordan 7-Year,jordan-7-year,1052493
jordan,Jordan 5Y,Jordan 5-Year,jordan-5-year,1052491
jordan,Jordan 3Y,Jordan 3-Year,jordan-3-year,1052490
jordan,Jordan 2Y,Jordan 2-Year,jordan-2-year,1052488
jordan,Jordan 6M,Jordan 6-Month,jordan-6-month,1052492
jordan,Jordan 3M,Jordan 3-Month,jordan-3-month,1052489
jordan,Jordan 1Y,Jordan 1-Year,jordan-1-year,1052487
kenya,Kenya 25Y,Kenya 25-Year,kenya-25-year-bond-yield,29279
kenya,Kenya 20Y,Kenya 20-Year,kenya-20-year-bond-yield,29278
kenya,Kenya 15Y,Kenya 15-Year,kenya-15-year-bond-yield,29277
kenya,Kenya 10Y,Kenya 10-Year,kenya-10-year-bond-yield,29274
kenya,Kenya 9Y,Kenya 9-Year,kenya-9-year-bond-yield,29291
kenya,Kenya 8Y,Kenya 8-Year,kenya-8-year-bond-yield,29290
kenya,Kenya 7Y,Kenya 7-Year,kenya-7-year-bond-yield,29289
kenya,Kenya 6Y,Kenya 6-Year,kenya-6-year-bond-yield,29288
kenya,Kenya 4Y,Kenya 4-Year,kenya-4-year-bond-yield,29286
kenya,Kenya 3Y,Kenya 3-Year,kenya-3-year-bond-yield,29285
kenya,Kenya 2Y,Kenya 2-Year,kenya-2-year-bond-yield,29284
kenya,Kenya 1Y,Kenya 1-Year,kenya-1-year-bond-yield,29283
kenya,Kenya 6M,Kenya 6-Month,kenya-6-month-bond-yield,29282
kenya,Kenya 3M,Kenya 3-Month,kenya-3-month-bond-yield,29281
kenya,Kenya Overnight,Kenya Overnight,kenya-overnight-bond-yield,29273
kenya,Kenya 5Y,Kenya 5-Year,kenya-5-year-bond-yield,29287
malaysia,Malaysia 30Y,Malaysia 30-Year,malaysia-30-year,1052528
malaysia,Malaysia 20Y,Malaysia 20-Year,malaysia-20-year-bond-yield,29300
malaysia,Malaysia 15Y,Malaysia 15-Year,malaysia-15-year,1052527
malaysia,Malaysia 10Y,Malaysia 10-Year,malaysia-10-year-bond-yield,29299
malaysia,Malaysia 7Y,Malaysia 7-Year,malaysia-7-year,1052529
malaysia,Malaysia 1Y,Malaysia 1-Year,malaysia-1-year-bond-yield,29304
malaysia,Malaysia 3Y,Malaysia 3-Year,malaysia-3-year-bond-yield,29305
malaysia,Malaysia 7M,Malaysia 7-Month,malaysia-7-month-bond-yield,29303
malaysia,Malaysia 3M,Malaysia 3-Month,malaysia-3-month-bond-yield,29301
malaysia,Malaysia 3W,Malaysia 3-Week,malaysia-3-weeks-bond-yield,29302
malaysia,Malaysia 5Y,Malaysia 5-Year,malaysia-5-year-bond-yield,29306
malta,Malta 10Y,Malta 10-Year,malta-10-year,1009394
malta,Malta 25Y,Malta 25-Year,malta-25-year,1009398
malta,Malta 20Y,Malta 20-Year,malta-20-year,1009397
malta,Malta 5Y,Malta 5-Year,malta-5-year,1009401
malta,Malta 6M,Malta 6-Month,malta-6-month,1009402
malta,Malta 1Y,Malta 1-Year,malta-1-year,1009396
malta,Malta 1M,Malta 1-Month,malta-1-month,1009395
malta,Malta 3Y,Malta 3-Year,malta-3-year,1009400
malta,Malta 3M,Malta 3-Month,malta-3-month,1009399
mauritius,Mauritius 20Y,Mauritius 20-Year,mauritius-20-year,1052562
mauritius,Mauritius 15Y,Mauritius 15-Year,mauritius-15-year,1052561
mauritius,Mauritius 10Y,Mauritius 10-Year,mauritius-10-year,1052560
mauritius,Mauritius 4Y,Mauritius 4-Year,mauritius-4-year,1052565
mauritius,Mauritius 3Y,Mauritius 3-Year,mauritius-3-year,1052564
mauritius,Mauritius 5Y,Mauritius 5-Year,mauritius-5-year,1052566
mauritius,Mauritius 1Y,Mauritius 1-Year,mauritius-1-year-bond-yield,42415
mauritius,Mauritius 8M,Mauritius 8-Month,mauritius-8-months-bond-yield,42414
mauritius,Mauritius 6M,Mauritius 6-Month,mauritius-6-months-bond-yield,42413
mauritius,Mauritius 4M,Mauritius 4-Month,mauritius-4-months-bond-yield,42412
mauritius,Mauritius 2M,Mauritius 2-Month,mauritius-2-months-bond-yield,42411
mauritius,Mauritius 2Y,Mauritius 2-Year,mauritius-2-year,1052563
mexico,Mexico 7Y,Mexico 7-Year,mexico-7-year,26728
mexico,Mexico 30Y,Mexico 30-Year,mexico-30-year,26732
mexico,Mexico 20Y,Mexico 20-Year,mexico-20-year,26731
mexico,Mexico 15Y,Mexico 15-Year,mexico-18-year,26730
mexico,Mexico 10Y,Mexico 10-Year,mexico-10-year,26729
mexico,Mexico 5Y,Mexico 5-Year,mexico-5-year,26727
mexico,Mexico 1Y,Mexico 1-Year,mexico-1-year,26725
mexico,Mexico 9M,Mexico 9-Month,mexico-9-month,26724
mexico,Mexico 3M,Mexico 3-Month,mexico-3-month,26722
mexico,Mexico 1M,Mexico 1-Month,mexico-1-month,26721
mexico,Mexico 3Y,Mexico 3-Year,mexico-3-year,26726
mexico,Mexico 6M,Mexico 6-Month,mexico-6-month,26723
morocco,Morocco 15Y,Morocco 15-Year,morocco-15-year,1052497
morocco,Morocco 3M,Morocco 3-Month,morocco-3-month,1052499
morocco,Morocco 6M,Morocco 6-Month,morocco-6-month,1052501
morocco,Morocco 2Y,Morocco 2-Year,morocco-2-year,1052498
morocco,Morocco 5Y,Morocco 5-Year,morocco-5-year,1052500
morocco,Morocco 10Y,Morocco 10-Year,morocco-10-year,1052496
namibia,Namibia 10Y,Namibia 10-Year,namibia-10-year,1052542
namibia,Namibia 20Y,Namibia 20-Year,namibia-20-year,1052545
namibia,Namibia 7Y,Namibia 7-Year,namibia-7-year,1052549
namibia,Namibia 3Y,Namibia 3-Year,namibia-3-year,1052547
namibia,Namibia 15Y,Namibia 15-Year,namibia-15-year,1052543
namibia,Namibia 9M,Namibia 9-Month,namibia-9-month,1052550
namibia,Namibia 6M,Namibia 6-Month,namibia-6-month,1052548
namibia,Namibia 1Y,Namibia 1-Year,namibia-1-year,1052544
namibia,Namibia 3M,Namibia 3-Month,namibia-3-month,1052546
netherlands,Netherlands 30Y,Netherlands 30-Year,netherlands-30-year-bond-yield,23753
netherlands,Netherlands 25Y,Netherlands 25-Year,netherlands-25-year,1052458
netherlands,Netherlands 20Y,Netherlands 20-Year,netherlands-20-year-bond-yield,23752
netherlands,Netherlands 15Y,Netherlands 15-Year,netherlands-15-year,1052456
netherlands,Netherlands 10Y,Netherlands 10-Year,netherlands-10-year-bond-yield,23751
netherlands,Netherlands 9Y,Netherlands 9-Year,netherlands-9-year-bond-yield,23750
netherlands,Netherlands 8Y,Netherlands 8-Year,netherlands-8-year-bond-yield,23749
netherlands,Netherlands 7Y,Netherlands 7-Year,netherlands-7-year-bond-yield,23748
netherlands,Netherlands 5Y,Netherlands 5-Year,netherlands-5-year-bond-yield,23746
netherlands,Netherlands 4Y,Netherlands 4-Year,netherlands-4-year-bond-yield,23745
netherlands,Netherlands 3Y,Netherlands 3-Year,netherlands-3-year-bond-yield,23744
netherlands,Netherlands 2Y,Netherlands 2-Year,netherlands-2-year-bond-yield,23743
netherlands,Netherlands 6M,Netherlands 6-Month,netherlands-6-month-bond-yield,23741
netherlands,Netherlands 3M,Netherlands 3-Month,netherlands-3-month-bond-yield,23740
netherlands,Netherlands 1M,Netherlands 1-Month,netherlands-1-month,1052457
netherlands,Netherlands 6Y,Netherlands 6-Year,netherlands-6-year-bond-yield,23747
new zealand,New Zealand 5Y,New Zealand 5-Year,new-zealand-5-years-bond-yield,42408
new zealand,New Zealand 20Y,New Zealand 20-Year,new-zealand-20-year,1052556
new zealand,New Zealand 15Y,New Zealand 15-Year,new-zealand-15-year,1052554
new zealand,New Zealand 10Y,New Zealand 10-Year,new-zealand-10-years-bond-yield,42410
new zealand,New Zealand 7Y,New Zealand 7-Year,new-zealand-7-years-bond-yield,42409
new zealand,New Zealand 2Y,New Zealand 2-Year,new-zealand-2-years-bond-yield,42407
new zealand,New Zealand 1M,New Zealand 1-Month,new-zealand-1-month-bond-yield,42406
new zealand,New Zealand 6M,New Zealand 6-Month,new-zealand-6-months-bond-yield,42405
new zealand,New Zealand 5M,New Zealand 5-Month,new-zealand-5-months-bond-yield,42404
new zealand,New Zealand 4M,New Zealand 4-Month,new-zealand-4-months-bond-yield,42403
new zealand,New Zealand 3M,New Zealand 3-Month,new-zealand-3-months-bond-yield,42402
new zealand,New Zealand 2M,New Zealand 2-Month,new-zealand-2-months-bond-yield,42401
new zealand,New Zealand 1Y,New Zealand 1-Year,new-zealand-1-year,1052555
nigeria,Nigeria 10Y,Nigeria 10-Year,nigeria-10-year,1052567
nigeria,Nigeria 3M,Nigeria 3-Month,nigeria-3-month,1052572
nigeria,Nigeria 6M,Nigeria 6-Month,nigeria-6-month,1052575
nigeria,Nigeria 1Y,Nigeria 1-Year,nigeria-1-year,1052569
nigeria,Nigeria 2Y,Nigeria 2-Year,nigeria-2-year,1052571
nigeria,Nigeria 4Y,Nigeria 4-Year,nigeria-4-year,1052573
nigeria,Nigeria 7Y,Nigeria 7-Year,nigeria-7-year,1052576
nigeria,Nigeria 20Y,Nigeria 20-Year,nigeria-20-year,1052570
norway,Norway 5Y,Norway 5-Year,norway-5-year-bond-yield,23761
norway,Norway 10Y,Norway 10-Year,norway-10-year-bond-yield,23764
norway,Norway 1Y,Norway 1-Year,norway-1-year-bond-yield,23759
norway,Norway 2Y,Norway 2-Year,norway-2-year-bond-yield,23760
norway,Norway 9M,Norway 9-Month,norway-9-month-bond-yield,23758
norway,Norway 6M,Norway 6-Month,norway-6-month-bond-yield,23757
norway,Norway 3M,Norway 3-Month,norway-3-month-bond-yield,23756
pakistan,Pakistan 14Y,Pakistan 14-Year,pakistan-15-year-bond-yield,29308
pakistan,Pakistan 10Y,Pakistan 10-Year,pakistan-10-year-bond-yield,29307
pakistan,Pakistan 5Y,Pakistan 5-Year,pakistan-5-year-bond-yield,29315
pakistan,Pakistan 20Y,Pakistan 20-Year,pakistan-20-year-bond-yield,29309
pakistan,Pakistan 1Y,Pakistan 1-Year,pakistan-1-year-bond-yield,29313
pakistan,Pakistan 6M,Pakistan 6-Month,pakistan-6-month-bond-yield,29312
pakistan,Pakistan 3M,Pakistan 3-Month,pakistan-3-month-bond-yield,29311
pakistan,Pakistan 3Y,Pakistan 3-Year,pakistan-3-year-bond-yield,29314
peru,Peru 2Y,Peru 2 Year,peru-2-year,1141798
peru,Peru 5Y,Peru 5-Year,peru-5-year-bond-yield,29320
peru,Peru 10Y,Peru 10 Year,peru-10-year,1141799
peru,Peru 15Y,Peru 15-Year,peru-15-year-bond-yield,29316
peru,Peru 20Y,Peru 20-Year,peru-20-year-bond-yield,29317
peru,Peru 30Y,Peru 30-Year,peru-30-year-bond-yield,29318
philippines,Philippines 7Y,Philippines 7-Year,philippines-7-year-bond-yield,29333
philippines,Philippines 25Y,Philippines 25-Year,philippines-25-year-bond-yield,29325
philippines,Philippines 20Y,Philippines 20-Year,philippines-20-year-bond-yield,29324
philippines,Philippines 10Y,Philippines 10-Year,philippines-10-year-bond-yield,29322
philippines,Philippines 5Y,Philippines 5-Year,philippines-5-year-bond-yield,29332
philippines,Philippines 4Y,Philippines 4-Year,philippines-4-year-bond-yield,29331
philippines,Philippines 2Y,Philippines 2-Year,philippines-2-year-bond-yield,29329
philippines,Philippines 1Y,Philippines 1-Year,philippines-1-year-bond-yield,29328
philippines,Philippines 6M,Philippines 6-Month,philippines-6-month-bond-yield,29327
philippines,Philippines 3M,Philippines 3-Month,philippines-3-month-bond-yield,29326
philippines,Philippines 1M,Philippines 1-Month,philippines-1-month-bond-yield,29323
philippines,Philippines 3Y,Philippines 3-Year,philippines-3-year-bond-yield,29330
poland,Poland 10Y,Poland 10-Year,poland-10-year-bond-yield,23947
poland,Poland 9Y,Poland 9-Year,poland-9-year-bond-yield,23946
poland,Poland 8Y,Poland 8-Year,poland-8-year-bond-yield,23945
poland,Poland 5Y,Poland 5-Year,poland-5-year-bond-yield,23943
poland,Poland 4Y,Poland 4-Year,poland-4-year-bond-yield,23942
poland,Poland 1Y,Poland 1-Year,poland-1-year-bond-yield,23939
poland,Poland 2Y,Poland 2-Year,poland-2-year-bond-yield,23940
poland,Poland 2M,Poland 2-Month,poland-2-month-bond-yield,23936
poland,Poland 1M,Poland 1-Month,poland-1-month-bond-yield,23935
poland,Poland Overnight,Poland Overnight,poland-overnight-rate,23934
poland,Poland 3Y,Poland 3-Year,poland-3-year-bond-yield,23941
portugal,Portugal 15Y,Portugal 15-Year,portugal-15-year-bond-yield,23793
portugal,Portugal 10Y,Portugal 10-Year,portugal-10-year-bond-yield,23792
portugal,Portugal 9Y,Portugal 9-Year,portugal-9-year-bond-yield,23791
portugal,Portugal 1Y,Portugal 1-Year,portugal-1-year,1052460
portugal,Portugal 30Y,Portugal 30-Year,portugal-30-year,1052461
portugal,Portugal 8Y,Portugal 8-Year,portugal-8-year-bond-yield,23790
portugal,Portugal 20Y,Portugal 20-Year,portugal-30-year-bond-yield,23794
portugal,Portugal 7Y,Portugal 7-Year,portugal-7-year-bond-yield,23789
portugal,Portugal 6M,Portugal 6-Month,portugal-6-months-bond-yield,23783
portugal,Portugal 5Y,Portugal 5-Year,portugal-5-year-bond-yield,23787
portugal,Portugal 4Y,Portugal 4-Year,portugal-4-year-bond-yield,23786
portugal,Portugal 3Y,Portugal 3-Year,portugal-3-year-bond-yield,23785
portugal,Portugal 2Y,Portugal 2-Year,portugal-2-year-bond-yield,23784
portugal,Portugal 3M,Portugal 3-Month,portugal-3-month,1052462
portugal,Portugal 6Y,Portugal 6-Year,portugal-6-year-bond-yield,23788
qatar,Qatar 3Y,Qatar 3 Year,qatar-3-year,1141800
qatar,Qatar 5Y,Qatar 5-Year,qatar-5-year-bond-yield,29205
qatar,Qatar 7Y,Qatar 7 Year,qatar-7-year,1141801
qatar,Qatar 10Y,Qatar 10-Year,qatar-10-year-bond-yield,29201
qatar,Qatar 30Y,Qatar 30-Year,qatar-30-year-bond-yield,29203
romania,Romania 10Y,Romania 10-Year,romania-10-year-bond-yield,23990
romania,Romania 7Y,Romania 7-Year,romania-7-year,1052513
romania,Romania 4Y,Romania 4-Year,romania-4-year,1052512
romania,Romania 5Y,Romania 5-Year,romania-5-year-bond-yield,23989
romania,Romania 2Y,Romania 2-Year,romania-2-year,1052511
romania,Romania 1Y,Romania 1-Year,romania-1-year-bond-yield,23987
romania,Romania 6M,Romania 6-Month,romania-6-month-bond-yield,23986
romania,Romania 3Y,Romania 3-Year,romania-3-year-bond-yield,23988
russia,Russia 10Y,Russia 10-Year,russia-10-year-bond-yield,23974
russia,Russia 7Y,Russia 7-Year,russia-7-year,1052510
russia,Russia 5Y,Russia 5-Year,russia-5-year-bond-yield,23973
russia,Russia 3Y,Russia 3-Year,russia-3-year-bond-yield,23972
russia,Russia 2Y,Russia 2-Year,russia-2-year-bond-yield,23971
russia,Russia 1Y,Russia 1-Year,russia-1-year-bond-yield,23970
russia,Russia 3M,Russia 3-Month,russia-3-month-bond-yield,23968
russia,Russia 2M,Russia 2-Month,russia-2-month-bond-yield,23967
russia,Russia 1M,Russia 1-Month,russia-1-month-bond-yield,23966
russia,Russia 2W,Russia 2-Week,russia-2-week-bond-yield,23965
russia,Russia 1W,Russia 1-Week,russia-1-week-bond-yield,23964
russia,Russia Overnight,Russia Overnight,russia-overnight-rate,23963
russia,Russia 15Y,Russia 15-Year,russia-15-year-bond-yield,23975
russia,Russia 6M,Russia 6-Month,russia-6-month-bond-yield,23969
russia,Russia 20Y,Russia 20-Year,russia-25-year-bond-yield,23976
serbia,Serbia 7Y,Serbia 7-Year,serbia-7-year,1052584
serbia,Serbia 10Y,Serbia 10 Year,serbia-10-year,1141802
serbia,Serbia 5Y,Serbia 5-Year,serbia-5-year,1052581
serbia,Serbia 2Y,Serbia 2-Year,serbia-2-year,1052578
serbia,Serbia 1Y,Serbia 1-Year,serbia-1-year,1052577
serbia,Serbia 4Y,Serbia 4-Year,serbia-4-year,1052580
singapore,Singapore 30Y,Singapore 30-Year,singapore-30-year,1052474
singapore,Singapore 20Y,Singapore 20-Year,singapore-20-year-bond-yield,23889
singapore,Singapore 15Y,Singapore 15-Year,singapore-15-year-bond-yield,23888
singapore,Singapore 10Y,Singapore 10-Year,singapore-10-year-bond-yield,23887
singapore,Singapore 5Y,Singapore 5-Year,singapore-5-year-bond-yield,23886
singapore,Singapore 1Y,Singapore 1-Year,singapore-1-year-bond-yield,23884
singapore,Singapore 6M,Singapore 6-Month,singapore-6-month,1052475
singapore,Singapore 3M,Singapore 3-Month,singapore-3-month-bond-yield,23883
singapore,Singapore 1M,Singapore 1-Month,singapore-1-month-bond-yield,23881
singapore,Singapore 2Y,Singapore 2-Year,singapore-2-year-bond-yield,23885
slovakia,Slovakia 13Y,Slovakia 13 Year,slovakia-13-year,1141803
slovakia,Slovakia 30Y,Slovakia 30 Year,slovakia-30-year,1141805
slovakia,Slovakia 18Y,Slovakia 18 Year,slovakia-18-year,1141804
slovakia,Slovakia 10Y,Slovakia 10-Year,slovakia-10-year,1052323
slovakia,Slovakia 50Y,Slovakia 50 Year,slovakia-50-year,1141806
slovakia,Slovakia 8Y,Slovakia 8-Year,slovakia-8-year-bond-yield,29341
slovakia,Slovakia 6Y,Slovakia 6-Year,slovakia-6-year,1052321
slovakia,Slovakia 5Y,Slovakia 5-Year,slovakia-5-year-bond-yield,29339
slovakia,Slovakia 1Y,Slovakia 1-Year,slovakia-1-year-bond-yield,29336
slovakia,Slovakia 9Y,Slovakia 9-Year,slovakia-9-year,1052559
slovenia,Slovenia 25Y,Slovenia 25 Year,slovenia-25-year,1141811
slovenia,Slovenia 15Y,Slovenia 15 Year,slovenia-15-year,1141809
slovenia,Slovenia 10Y,Slovenia 10-Year,slovenia-10-year-bond-yield,29335
slovenia,Slovenia 8Y,Slovenia 8 Year,slovenia-8-year,1141808
slovenia,Slovenia 20Y,Slovenia 20 Year,slovenia-20-year,1141810
slovenia,Slovenia 5Y,Slovenia 5-Year,slovenia-5-year-bond-yield,29343
slovenia,Slovenia 3Y,Slovenia 3 Year,slovenia-3-year,1141807
slovenia,Slovenia 2Y,Slovenia 2-Year,slovenia-2-year-bond-yield,29342
slovenia,Slovenia 1Y,Slovenia 1-Year,slovenia-1-year,1052530
slovenia,Slovenia 7Y,Slovenia 7-Year,slovenia-7-year,1052531
south africa,South Africa 30Y,South Africa 30-Year,south-africa-30-year-bond-yield,23926
south africa,South Africa 25Y,South Africa 25-Year,south-africa-25-year,1052478
south africa,South Africa 20Y,South Africa 20-Year,south-africa-20-year-bond-yield,23925
south africa,Souht Africa 12Y,Souht Africa 12 Year,souht-africa-12-year,1141812
south africa,South Africa 10Y,South Africa 10-Year,south-africa-10-year-bond-yield,23923
south africa,South Africa 2Y,South Africa 2-Year,south-africa-2-year,1052479
south africa,South Africa 3M,South Africa 3-Month,south-africa-3-month-bond-yield,23919
south africa,South Africa 5Y,South Africa 5-Year,south-africa-5-year-bond-yield,23921
south korea,South Korea 20Y,South Korea 20-Year,south-korea-20-year-bond-yield,29293
south korea,South Korea 50Y,South Korea 50-Year,south-korea-50-year,1052526
south korea,South Korea 30Y,South Korea 30-Year,south-korea-30-year,1052525
south korea,South Korea 10Y,South Korea 10-Year,south-korea-10-year-bond-yield,29292
south korea,South Korea 5Y,South Korea 5-Year,south-korea-5-year-bond-yield,29298
south korea,South Korea 4Y,South Korea 4-Year,south-korea-4-year-bond-yield,29297
south korea,South Korea 3Y,South Korea 3-Year,south-korea-3-year-bond-yield,29296
south korea,South Korea 2Y,South Korea 2-Year,south-korea-2-year-bond-yield,29295
south korea,South Korea 1Y,South Korea 1-Year,south-korea-1-year-bond-yield,29294
spain,Spain 30Y,Spain 30-Year,spain-30-year-bond-yield,100155
spain,Spain 25Y,Spain 25-Year,spain-25-year,1052464
spain,Spain 20Y,Spain 20-Year,spain-20-year-bond-yield,23808
spain,Spain 15Y,Spain 15-Year,spain-15-year-bond-yield,23807
spain,Spain 10Y,Spain 10-Year,spain-10-year-bond-yield,23806
spain,Spain 9Y,Spain 9-Year,spain-9-year-bond-yield,23805
spain,Spain 8Y,Spain 8-Year,spain-8-year-bond-yield,23804
spain,Spain 7Y,Spain 7-Year,spain-7-year-bond-yield,23803
spain,Spain 6Y,Spain 6-Year,spain-6-year-bond-yield,23802
spain,Spain 4Y,Spain 4-Year,spain-4-year-bond-yield,23800
spain,Spain 3Y,Spain 3-Year,spain-3-year-bond-yield,23799
spain,Spain 2Y,Spain 2-Year,spain-2-year-bond-yield,23798
spain,Spain 1Y,Spain 1-Year,spain-1-year-bond-yield,23797
spain,Spain 9M,Spain 9-Month,spain-9-month,1052465
spain,Spain 6M,Spain 6-Month,spain-6-month-bond-yield,23796
spain,Spain 3M,Spain 3-Month,spain-3-month-bond-yield,23795
spain,Spain 1M,Spain 1-Month,spain-1-month,1052463
spain,Spain 5Y,Spain 5-Year,spain-5-year-bond-yield,23801
sri lanka,Sri Lanka 7Y,Sri Lanka 7-Year,sri-lanka-7-year,1052536
sri lanka,Sri Lanka 15Y,Sri Lanka 15-Year,sri-lanka-15-year,1052534
sri lanka,Sri Lanka 10Y,Sri Lanka 10-Year,sri-lanka-10-year,1052533
sri lanka,Sri Lanka 9Y,Sri Lanka 9-Year,sri-lanka-9-year,1052538
sri lanka,Sri Lanka 8Y,Sri Lanka 8-Year,sri-lanka-8-year,1052537
sri lanka,Sri Lanka 6Y,Sri Lanka 6-Year,sri-lanka-6-year,1052535
sri lanka,Sri Lanka 3M,Sri Lanka 3-Month,sri-lanka-3-month-bond-yield,29344
sri lanka,Sri Lanka 4Y,Sri Lanka 4-Year,sri-lanka-4-year-bond-yield,29349
sri lanka,Sri Lanka 3Y,Sri Lanka 3-Year,sri-lanka-3-year-bond-yield,29348
sri lanka,Sri Lanka 2Y,Sri Lanka 2-Year,sri-lanka-2-year-bond-yield,29347
sri lanka,Sri Lanka 1Y,Sri Lanka 1-Year,sri-lanka-1-year-bond-yield,29346
sri lanka,Sri Lanka 6M,Sri Lanka 6-Month,sri-lanka-6-month-bond-yield,29345
sri lanka,Sri Lanka 5Y,Sri Lanka 5-Year,sri-lanka-5-year-bond-yield,29350
switzerland,Switzerland 6Y,Switzerland 6-Year,switzerland-6-year-bond-yield,23718
switzerland,Switzerland 30Y,Switzerland 30-Year,switzerland-30-year-bond-yield,23725
switzerland,Switzerland 20Y,Switzerland 20-Year,switzerland-20-year-bond-yield,23724
switzerland,Switzerland 15Y,Switzerland 15-Year,switzerland-15-year-bond-yield,23723
switzerland,Switzerland 10Y,Switzerland 10-Year,switzerland-10-year-bond-yield,23722
switzerland,Switzerland 50Y,Switzerland 50-Year,switzerland-50-year,1052453
switzerland,Switzerland 9Y,Switzerland 9-Year,switzerland-9-year-bond-yield,23721
switzerland,Switzerland 8Y,Switzerland 8-Year,switzerland-8-year-bond-yield,23720
switzerland,Switzerland 7Y,Switzerland 7-Year,switzerland-7-year-bond-yield,23719
switzerland,Switzerland 5Y,Switzerland 5-Year,switzerland-5-year-bond-yield,23717
switzerland,Switzerland 3M,Switzerland 3-Month,switzerland-3-month-bond-yield,23711
switzerland,Switzerland 3Y,Switzerland 3-Year,switzerland-3-year-bond-yield,23715
switzerland,Switzerland Overnight,Switzerland Overnight,switzerland-overnight-rate,23707
switzerland,Switzerland 1W,Switzerland 1-Week,switzerland-1-week-bond-yield,23708
switzerland,Switzerland 1M,Switzerland 1-Month,switzerland-1-month-bond-yield,23709
switzerland,Switzerland 4Y,Switzerland 4-Year,switzerland-4-year-bond-yield,23716
switzerland,Switzerland 6M,Switzerland 6-Month,switzerland-6-month-bond-yield,23712
switzerland,Switzerland 1Y,Switzerland 1-Year,switzerland-1-year-bond-yield,23713
switzerland,Switzerland 2Y,Switzerland 2-Year,switzerland-2-year-bond-yield,23714
switzerland,Switzerland 2M,Switzerland 2-Month,switzerland-2-month-bond-yield,23710
taiwan,Taiwan 2Y,Taiwan 2-Year,taiwan-2-year-bond-yield,29358
taiwan,Taiwan 5Y,Taiwan 5-Year,taiwan-5-year-bond-yield,29359
taiwan,Taiwan 10Y,Taiwan 10-Year,taiwan-10-year-bond-yield,29351
taiwan,Taiwan 20Y,Taiwan 20-Year,taiwan-20-year-bond-yield,29353
taiwan,Taiwan 30Y,Taiwan 30-Year,taiwan-30-year-bond-yield,29355
thailand,Thailand 20Y,Thailand 20-Year,thailand-20-year,1052540
thailand,Thailand 16Y,Thailand 16-Year,thailand-16-year-bond-yield,29363
thailand,Thailand 15Y,Thailand 15-Year,thailand-15-year,1052539
thailand,Thailand 12Y,Thailand 12-Year,thailand-12-year-bond-yield,29361
thailand,Thailand 14Y,Thailand 14-Year,thailand-14-year-bond-yield,29362
thailand,Thailand 10Y,Thailand 10-Year,thailand-10-year-bond-yield,29360
thailand,Thailand 5Y,Thailand 5-Year,thailand-5-year-bond-yield,29367
thailand,Thailand 3Y,Thailand 3-Year,thailand-3-year,1052541
thailand,Thailand 2Y,Thailand 2-Year,thailand-2-year-bond-yield,29366
thailand,Thailand 1Y,Thailand 1-Year,thailand-1-year-bond-yield,29365
thailand,Thailand 7Y,Thailand 7-Year,thailand-7-year-bond-yield,29368
turkey,Turkey 10Y,Turkey 10-Year,turkey-10-year-bond-yield,24037
turkey,Turkey 3Y,Turkey 3-Year,turkey-3-year-bond-yield,24035
turkey,Turkey 5Y,Turkey 5-Year,turkey-5-year-bond-yield,24036
turkey,Turkey 1Y,Turkey 1-Year,turkey-1-year-bond-yield,24033
turkey,Turkey 2Y,Turkey 2-Year,turkey-2-year-bond-yield,24034
uganda,Uganda 3M,Uganda 3-Month,uganda-3-months-bond-yield,42324
uganda,Uganda 6M,Uganda 6-Month,uganda-6-months-bond-yield,42325
uganda,Uganda 1Y,Uganda 1-Year,uganda-1-year-bond-yield,42327
uganda,Uganda 2Y,Uganda 2-Year,uganda-2-years-bond-yield,42342
uganda,Uganda 3Y,Uganda 3-Year,uganda-3-years-bond-yield,42340
uganda,Uganda 5Y,Uganda 5-Year,uganda-5-years-bond-yield,42326
uganda,Uganda 10Y,Uganda 10-Year,uganda-10-years-bond-yield,42341
uganda,Uganda 15Y,Uganda 15-Year,uganda-15-year,1052551
ukraine,Ukraine 3Y,Ukraine 3-Year,ukraine-3-year-bond-yield,29373
ukraine,Ukraine 2Y,Ukraine 2-Year,ukraine-2-year-bond-yield,29372
ukraine,Ukraine 1Y,Ukraine 1-Year,ukraine-1-year-bond-yield,29371
united kingdom,U.K. 40Y,United Kingdom 40-Year,uk-40-year-bond-yield,23678
united kingdom,U.K. 50Y,United Kingdom 50-Year,uk-50-year-bond-yield,23679
united kingdom,U.K. 30Y,United Kingdom 30-Year,uk-30-year-bond-yield,23677
united kingdom,U.K. 25Y,United Kingdom 25-Year,uk-25-year-bond-yield,23676
united kingdom,U.K. 15Y,United Kingdom 15-Year,uk-15-year-bond-yield,23674
united kingdom,U.K. 12Y,United Kingdom 12-Year,uk-12-year,1052451
united kingdom,U.K. 10Y,United Kingdom 10-Year,uk-10-year-bond-yield,23673
united kingdom,U.K. 9Y,United Kingdom 9-Year,uk-9-year-bond-yield,23672
united kingdom,U.K. 8Y,United Kingdom 8-Year,uk-8-year-bond-yield,23671
united kingdom,U.K. 20Y,United Kingdom 20-Year,uk-20-year-bond-yield,23675
united kingdom,U.K. 6Y,United Kingdom 6-Year,uk-6-year-bond-yield,23669
united kingdom,U.K. 5Y,United Kingdom 5-Year,uk-5-year-bond-yield,23668
united kingdom,U.K. 4Y,United Kingdom 4-Year,uk-4-year-bond-yield,23667
united kingdom,U.K. 3Y,United Kingdom 3-Year,uk-3-year-bond-yield,23666
united kingdom,U.K. 2Y,United Kingdom 2-Year,uk-2-year-bond-yield,23665
united kingdom,U.K. 1Y,United Kingdom 1-Year,uk-1-year-bond-yield,23664
united kingdom,U.K. 6M,United Kingdom 6-Month,uk-6-month-bond-yield,23663
united kingdom,U.K. 3M,United Kingdom 3-Month,uk-3-month-bond-yield,23662
united kingdom,U.K. 1M,United Kingdom 1-Month,uk-1-month-bond-yield,23661
united kingdom,U.K. 7Y,United Kingdom 7-Year,uk-7-year-bond-yield,23670
united states,U.S. 30Y,United States 30-Year,u.s.-30-year-bond-yield,23706
united states,U.S. 10Y,United States 10-Year,u.s.-10-year-bond-yield,23705
united states,U.S. 7Y,United States 7-Year,u.s.-7-year-bond-yield,23704
united states,U.S. 5Y,United States 5-Year,u.s.-5-year-bond-yield,23703
united states,U.S. 3Y,United States 3-Year,u.s.-3-year-bond-yield,23702
united states,U.S. 3M,United States 3-Month,u.s.-3-month-bond-yield,23698
united states,U.S. 1Y,United States 1-Year,u.s.-1-year-bond-yield,23700
united states,U.S. 6M,United States 6-Month,u.s.-6-month-bond-yield,23699
united states,U.S. 1M,United States 1-Month,u.s.-1-month-bond-yield,23697
united states,U.S. 2Y,United States 2-Year,u.s.-2-year-bond-yield,23701
vietnam,Vietnam 10Y,Vietnam 10-Year,vietnam-10-year-bond-yield,29379
vietnam,Vietnam 15Y,Vietnam 15 Year,vietnam-15-year,1141813
vietnam,Vietnam 7Y,Vietnam 7-Year,vietnam-7-year-bond-yield,29384
vietnam,Vietnam 20Y,Vietnam 20 Year,vietnam-20-year,1141814
vietnam,Vietnam 3Y,Vietnam 3-Year,vietnam-3-year-bond-yield,29382
vietnam,Vietnam 2Y,Vietnam 2-Year,vietnam-2-year-bond-yield,29381
vietnam,Vietnam 1Y,Vietnam 1-Year,vietnam-1-year-bond-yield,29380
vietnam,Vietnam 5Y,Vietnam 5-Year,vietnam-5-year-bond-yield,29383
vietnam,Vietnam 25Y,Vietnam 25 Year,vietnam-25-year,1141815
