country,name,full_name,symbol,tag,id,issuer,isin,asset_class,underlying
france,BNP Gold 31Dec99,BNP Paribas Arbitrage Issuance BV ZT Gold 31Dec99,NL0006454928,bnp-gold-31dec99,1117224,,,,
france,SG ZT SILVER X5 SHO 31Dec99,SOCIETE GENERALE EFFEKTEN GMBH ZT  SILVER X5 SHO 31Dec99,FR0011815075,sg-zt-silver-x5-sho-31dec99,1117389,,,,
france,SG BERKSHIRE HATHA ORD CL A 31Dec99,Societe Generale Effekten GMBH ZT BERKSHIRE HATHA ORD CL A 31Dec99,FR0010681528,sg-berkshire-hatha-ord-cl-a-31dec99,1117390,,,,
france,SG Call 23.4 EUR FAURECIA 31Dec99,SG ISSUER Call 23.4 EUR FAURECIA 31Dec99,LU1248646314,sg-call-23.4-eur-faurecia-31dec99,1117363,,,,
france,SG Call 13 EUR ORANGE 31Dec99,SG ISSUER Call 13 EUR ORANGE 31Dec99,LU1428373747,sg-call-13-eur-orange-31dec99,1117360,,,,
france,SG Call 150.8 EUR LOREAL 31Dec99,SG ISSUER Call 150.8 EUR L`OREAL 31Dec99,LU1358280920,sg-call-150.8-eur-loreal-31dec99,1117361,,,,
france,ING Call 53.48 IPE BRENT 1217,ING BANK N.V. Call 53.48 EUR IPE BRENT 12/17 31Dec99,NL0012080717,ing-call-53.48-ipe-brent-1217,1117345,,,,
france,ING Call 24.8 EUR SG 31Dec99,ING BANK N.V. Call 24.8 EUR SOCIETE GENERALE 31Dec99,NL0010360616,ing-call-24.8-eur-sg-31dec99,1117333,,,,
france,ING Call 29.1 NYMEX LS CRUDE 0416,ING BANK N.V. Call 29.1 EUR NYMEX LS CRUDE 04/16 31Dec99,NL0011619317,ing-call-29.1-nymex-ls-crude-0416,1117334,,,,
france,ING Call 29.29 ICE BRENT 0416,ING BANK N.V. Call 29.29 EUR ICE BRENT 04/16 31Dec99,NL0011493028,ing-call-29.29-ice-brent-0416,1117335,,,,
france,ING Call 33 ICE BRENT 05/16 31Dec99,ING BANK N.V. Call 33 EUR ICE BRENT 05/16 31Dec99,NL0011621024,ing-call-33-ice-brent-05-16-31dec99,1117336,,,,
france,SG ZT SILVER X5 LEV 31Dec99,SOCIETE GENERALE EFFEKTEN GMBH ZT  SILVER X5 LEV 31Dec99,FR0011815067,sg-zt-silver-x5-lev-31dec99,1117388,,,,
france,ING Call 33.95 ICE BRENT 0516,ING BANK N.V. Call 33.95 EUR ICE BRENT 05/16 31Dec99,NL0011622782,ing-call-33.95-ice-brent-0516,1117338,,,,
france,ING Call 48 ICE BRENT 10/17 31Dec99,ING BANK N.V. Call 48 EUR ICE BRENT 10/17 31Dec99,NL0012077226,ing-call-48-ice-brent-10-17-31dec99,1117340,,,,
france,ING Call 48.65 ICE BRENT 1017,ING BANK N.V. Call 48.65 EUR ICE BRENT 10/17 31Dec99,NL0012076772,ing-call-48.65-ice-brent-1017,1117341,,,,
france,ING Call 49.9 ICE BRENT 1017,ING BANK N.V. Call 49.9 EUR ICE BRENT 10/17 31Dec99,NL0012077291,ing-call-49.9-ice-brent-1017,1117342,,,,
france,ING Call 51.09 ICE BRENT 1117,ING BANK N.V. Call 51.09 EUR ICE BRENT 11/17 31Dec99,NL0012079289,ing-call-51.09-ice-brent-1117,1117343,,,,
france,ING Call 52.4 ICE BRENT 1117,ING BANK N.V. Call 52.4 EUR ICE BRENT 11/17 31Dec99,NL0012079883,ing-call-52.4-ice-brent-1117,1117344,,,,
france,ING Call 54.87 IPE BRENT 1217,ING BANK N.V. Call 54.87 EUR IPE BRENT 12/17 31Dec99,NL0012461784,ing-call-54.87-ipe-brent-1217,1117346,,,,
france,SG ZT Ubs-Ib Zur 31Dec99,Societe Generale Effekten GMBH ZT Ubs-Ib Zur 31Dec99,FR0010638494,sg-zt-ubs-ib-zur-31dec99,1117392,,,,
france,ING Call 55.4 ICE BRENT 1217,ING BANK N.V. Call 55.4 EUR ICE BRENT 12/17 31Dec99,NL0012463434,ing-call-55.4-ice-brent-1217,1117347,,,,
france,ING Call 57.96 ICE BRENT 0118,ING BANK N.V. Call 57.96 EUR ICE BRENT 01/18 31Dec99,NL0012464275,ing-call-57.96-ice-brent-0118,1117348,,,,
france,ING Call 725 EUR PLATINUM 31Dec99,ING BANK N.V. Call 725 EUR PLATINUM 31Dec99,NL0012823603,ing-call-725-eur-platinum-31dec99,1117349,,,,
france,ING Call 34.81 ICE BRENT 0516,ING BANK N.V. Call 34.81 EUR ICE BRENT 05/16 31Dec99,NL0011623145,ing-call-34.81-ice-brent-0516,1117339,,,,
france,SG ZT SILVER 31Dec99,SOCIETE GENERALE EFFEKTEN GMBH ZT  SILVER 31Dec99,FR0012468098,sg-zt-silver-31dec99,1117387,,,,
france,ING Call 33.7 BNP PARIBAS 31Dec99,ING BANK N.V. Call 33.7 EUR BNP PARIBAS 31Dec99,NL0010206686,ing-call-33.7-bnp-paribas-31dec99,1117337,,,,
france,SG ZT PALLADIUM 31Dec99,SOCIETE GENERALE EFFEKTEN GMBH ZT  PALLADIUM 31Dec99,FR0012468106,sg-zt-palladium-31dec99,1117385,,,,
france,SG ZT PLATINUM 31Dec99,SOCIETE GENERALE EFFEKTEN GMBH ZT  PLATINUM 31Dec99,FR0012468114,sg-zt-platinum-31dec99,1117386,,,,
france,SOCIETE GENERALE CAC 40 X10 31DEC99,SOCIETE GENERALE EFFEKTEN GMBH ZT CAC 40 X10 LEVERAGE 31DEC99,FR0011214527,societe-generale-cac-40-x10-31dec99,1115847,,,,
france,SG Call 11.44 EUR ORANGE 31Dec99,SOCIETE GENERALE Call 11.44 EUR ORANGE 31Dec99,FR0012791424,sg-call-11.44-eur-orange-31dec99,1117376,,,,
france,SG Call 35.36 EUR TOTAL SA 31Dec99,SG ISSUER Call 35.36 EUR TOTAL SA 31Dec99,LU1357408704,sg-call-35.36-eur-total-sa-31dec99,1117364,,,,
france,SG Call 43 EUR AIRBUS GROUP 31Dec99,SG ISSUER Call 43 EUR AIRBUS GROUP 31Dec99,LU1383118483,sg-call-43-eur-airbus-group-31dec99,1117365,,,,
france,SG Call 54.08 RENAULT SA 31Dec99,SG ISSUER Call 54.08 EUR RENAULT SA 31Dec99,LU1248649334,sg-call-54.08-renault-sa-31dec99,1117366,,,,
france,SG Call 57 EUR DANONE 31Dec99,SG ISSUER Call 57 EUR DANONE 31Dec99,LU1299482569,sg-call-57-eur-danone-31dec99,1117368,,,,
france,SG Call 6 CREDIT AGRICOLE 31Dec99,SG ISSUER Call 6 EUR CREDIT AGRICOLE 31Dec99,LU1383125850,sg-call-6-credit-agricole-31dec99,1117370,,,,
france,SG Call 65.52 CAP GEMINI 31Dec99,SG ISSUER Call 65.52 EUR CAP GEMINI 31Dec99,LU1357398988,sg-call-65.52-cap-gemini-31dec99,1117371,,,,
france,SG Call 68.64 EUR ORPEA 31Dec99,SG ISSUER Call 68.64 EUR ORPEA 31Dec99,LU1428456526,sg-call-68.64-eur-orpea-31dec99,1117372,,,,
france,SG ZT NYMEX LS CRUDE 09/16 31Dec99,SG ISSUER ZT  NYMEX LS CRUDE 09/16 31Dec99,FR0013198488,sg-zt-nymex-ls-crude-09-16-31dec99,1117373,,,,
france,SG Call 58 SANOFI-AVENTIS 31Dec99,SG ISSUER Call 58 EUR SANOFI-AVENTIS 31Dec99,LU1476973760,sg-call-58-sanofi-aventis-31dec99,1117369,,,,
france,SG ZT Gold x 5 Short 31Dec99,SOCIETE GENERALE EFFEKTEN GMBH ZT  Gold x 5 Short 31Dec99,FR0011334861,sg-zt-gold-x-5-short-31dec99,1117383,,,,
france,SG ZT WTI Fut 5X ShLev Ind 31Dec99,SG ISSUER ZT  WTI Fut 5X ShLev Ind 31Dec99,FR0013112778,sg-zt-wti-fut-5x-shlev-ind-31dec99,1117375,,,,
france,SG Call 16.64 EUR AXA 31Dec99,SOCIETE GENERALE Call 16.64 EUR AXA 31Dec99,FR0012500965,sg-call-16.64-eur-axa-31dec99,1117377,,,,
france,SG Call 18.38 EUR ALSTOM 31Dec99,SG ISSUER Call 18.38 EUR ALSTOM 31Dec99,LU1357395968,sg-call-18.38-eur-alstom-31dec99,1117362,,,,
france,SG Call WTI CRUDE 31Dec99,Societe Generale Effekten GMBH Call   WTI CRUDE 31Dec99,FR0010583914,sg-call-wti-crude-31dec99,1117378,,,,
france,SG Call ICE BRENT 05/12 31Dec99,SOCIETE GENERALE EFFEKTEN GMBH Call  ICE BRENT 05/12 31Dec99,FR0011231844,sg-call-ice-brent-05-12-31dec99,1117379,,,,
france,SG ZT Brent x 5 Short 31Dec99,SOCIETE GENERALE EFFEKTEN GMBH ZT  Brent x 5 Short 31Dec99,FR0011334887,sg-zt-brent-x-5-short-31dec99,1117380,,,,
france,SG ZT GOLD 31Dec99,SOCIETE GENERALE EFFEKTEN GMBH ZT  GOLD 31Dec99,FR0010956383,sg-zt-gold-31dec99,1117381,,,,
france,SG ZT Gold x 5 Lev 31Dec99,SOCIETE GENERALE EFFEKTEN GMBH ZT  Gold x 5 Lev 31Dec99,FR0011334846,sg-zt-gold-x-5-lev-31dec99,1117382,,,,
france,SG ZT WTI Fut 5X Lev Ind 31Dec99,SG ISSUER ZT  WTI Fut 5X Lev Ind 31Dec99,FR0013112786,sg-zt-wti-fut-5x-lev-ind-31dec99,1117374,,,,
france,SG ZT GOLD X10 LEV 31Dec99,SOCIETE GENERALE EFFEKTEN GMBH ZT  GOLD X10 LEV 31Dec99,FR0011815034,sg-zt-gold-x10-lev-31dec99,1117384,,,,
germany,BNP KOSPI 200 Index 31Dec99,BNP PARIBAS ARBITRAGE ISSUANCE BV ZT KOSPI 200 Index 31Dec99,DE571515,bnp-kospi-200-index-31dec99,1119021,,,,
germany,BNP ZT MSCI Daily TR Net EM Indones,BNP Paribas Arbitrage Issuance B.V. ZT MSCI Daily TR Net EM Indonesia Local 31Dec99,DEAA12MX,bnp-zt-msci-daily-tr-net-em-indones,1119030,,,,
germany,BNP ZT RBS AUD TR Index 31Dec99,BNP Paribas Arbitrage Issuance B.V. ZT RBS AUD Total Return Index 31Dec99,DE918740,bnp-zt-rbs-aud-tr-index-31dec99,1119031,,,,
germany,BNP DAXplus Maximum Sharpe Ger TR,BNP Paribas Arbitrage Issuance B.V. ZT DAXplus Maximum Sharpe Ratio Germany EUR Total Return Index 3,DEAA0KF0,bnp-daxplus-maximum-sharpe-ger-tr,1119019,,,,
germany,BNP Call MSCI Colombia 31Dec99,BNP Paribas Arbitrage Issuance B.V. Call MSCI Colombia 31Dec99,DEAA2RDF,bnp-call-msci-colombia-31dec99,1119016,,,,
germany,BNP ZT RBS CHF TR Index 31Dec99,BNP Paribas Arbitrage Issuance B.V. ZT RBS CHF Total Return Index 31Dec99,DE918741,bnp-zt-rbs-chf-tr-index-31dec99,1119032,,,,
germany,BNP Call MSCI New Zealand 31Dec99,BNP Paribas Arbitrage Issuance B.V. Call MSCI New Zealand 31Dec99,DEAA209B,bnp-call-msci-new-zealand-31dec99,1119017,,,,
germany,BNP ZT DAXplus Minimum Variance PR,BNP Paribas Arbitrage Issuance B.V. ZT DAXplus Minimum Variance US USD Price Return Index 31Dec99,DEAA0KF1,bnp-zt-daxplus-minimum-variance-pr,1119027,,,,
germany,BNP Paribas ZT MSCI Russia 31Dec99,BNP Paribas ZT MSCI Russia 31Dec99,DEBN2RUS,bnp-paribas-zt-msci-russia-31dec99,1119022,,,,
germany,BNP Call RBS Generic Drugs TR Index,BNP Paribas Arbitrage Issuance B.V. Call RBS Generic Drugs Total Return Index 31Dec99,DEABN9PP,bnp-call-rbs-generic-drugs-tr-index,1119018,,,,
germany,BNP ZT BNP Vietnam Price Return,BNP Paribas Arbitrage Issuance B.V. ZT BNP Paribas Arbitrage Issuance B.V. Vietnam Price Return Inde,DEAA0KE8,bnp-zt-bnp-vietnam-price-return,1119023,,,,
germany,BNP Call ZAR USD/ZAR,BNP Paribas Arbitrage Issuance B.V. Call USD ZAR US-Dollar S dafrikanischer Rand 31Dec99,DEAA0KSF,bnp-call-zar-usd-zar,1118980,,,,
germany,BNP ZT DAXGlobal Agribusiness Price,BNP Paribas Arbitrage Issuance B.V. ZT DAXGlobal Agribusiness EUR Price Index 31Dec99,DEAA0KGG,bnp-zt-daxglobal-agribusiness-price,1119025,,,,
germany,BNP ZT DAXGlobal Russia RUB PR,BNP Paribas Arbitrage Issuance B.V. ZT DAXGlobal Russia RUB Price Return Index 31Dec99,DEABN98G,bnp-zt-daxglobal-russia-rub-pr,1119026,,,,
germany,BNP ZT HANG SENG 31Dec99,BNP Paribas Arbitrage Issuance B.V. ZT HANG SENG 31Dec99,DE685964,bnp-zt-hang-seng-31dec99,1119029,,,,
germany,BNP DJ Stoxx 600 Cyclical Goods Ser,BNP Paribas Arbitrage Issuance B.V. ZT Dow Jones Stoxx 600 Cyclical Goods Services Price EUR 31Dec99,DE827430,bnp-dj-stoxx-600-cyclical-goods-ser,1119020,,,,
germany,Bayerische Gold 31Dec99,Bayerische Hypo-und Vereinsbank AG ZT Gold 31Dec99,DEHV2XAU,bayerische-gold-31dec99,1118019,,,,
germany,Bayerische DAX Index 31Dec99,Bayerische Hypo-und Vereinsbank AG ZT DAX Index 31Dec99,DEHY1Y7L,bayerische-dax-index-31dec99,1119006,,,,
germany,Vontobel Call 30.7 EUR Unilever,Vontobel Call 30.7 EUR Unilever N.V. 31Dec99,DEVZ716B,vontobel-call-30.7-eur-unilever,1118975,,,,
germany,CB Call 10.2429 ZAR USD/ZAR,COMMERZBANK AG Call 10.2429 ZAR USD/ZAR Spot Rate 31Dec99,DECE8NK7,cb-call-10.2429-zar-usd-zar,1118983,,,,
germany,CB Call 0.5758 AUD/USD 31Dec99,COMMERZBANK AG Call 0.5758 AUD/USD 31Dec99,DECE6M8S,cb-call-0.5758-aud-usd-31dec99,1118982,,,,
germany,BNP Put EUR/USD 31Dec99,BNP Put EUR/USD 31Dec99,DEAA0XYR,bnp-put-eur-usd-31dec99,1118981,,,,
germany,BNP Call Chile Inter 10 Index,BNP Paribas Arbitrage Issuance B.V. Call Chile Inter 10 Index 31Dec99,DEAA0C4K,bnp-call-chile-inter-10-index,1119014,,,,
germany,BNP ZT DAX 31Dec99,BNP Paribas Arbitrage Issuance B.V. ZT DAX Idx 31Dec99,DE768918,bnp-zt-dax-31dec99,1119024,,,,
germany,BNP Call CECE Composite Euro,BNP Paribas Arbitrage Issuance B.V. Call CECE Composite Euro 31Dec99,DEABN0EW,bnp-call-cece-composite-euro,1119013,,,,
germany,BNP ZT DAXplus MV Germany TR,BNP Paribas Arbitrage Issuance B.V. ZT DAXplus Minimum Variance Germany EUR Total Return Index 31Dec,DEAA0KFZ,bnp-zt-daxplus-mv-germany-tr,1119028,,,,
germany,BNP ZT RBS HUF TR Index 31Dec99,BNP Paribas Arbitrage Issuance B.V. ZT RBS HUF Total Return Index 31Dec99,DE918607,bnp-zt-rbs-huf-tr-index-31dec99,1119033,,,,
germany,BNP Call CASE 30 31Dec99,BNP Paribas Arbitrage Issuance B.V. Call CASE 30 31Dec99,DEABN1EJ,bnp-call-case-30-31dec99,1119012,,,,
germany,DE000DB3WT13,Deutsche Bank AG ZT WTI Light Sweet Crude Oil Future 30Dec99,DEDB3WT1,de000db3wt13,1161003,,,,
germany,DZ ZT Silber Endlos 31Dec99,DZ Bank Zentral-Genossenschaftsbank AG ZT Silber 31Dec99,DEDZ0B77,dz-zt-silber-endlos-31dec99,1118231,,,,
germany,DB Brent Crude Oil 31Dec99,Deutsche Bank AG ZT Brent Crude Oil 31Dec99,DEDB3CTQ,db-brent-crude-oil-31dec99,1118216,,,,
germany,DZ ZT Gold Endlos 31Dec99,DZ Bank Zentral-Genossenschaftsbank AG ZT Gold 31Dec99,DEDZ0B66,dz-zt-gold-endlos-31dec99,1118227,,,,
germany,DZ Call BrentOel Quanto Endlos,DZ BANK AG Call DZ BANK BestCommodity BrentOel Index 31Dec99,DEDZ2X4Q,dz-call-brentoel-quanto-endlos,1119239,,,,
germany,Dresdner Bank Composite Easter,Dresdner Bank ZT CECE USD - Composite Eastern European Price Index 31Dec99,DE635186,dresdner-bank-composite-easter,1119214,,,,
germany,Bayerische Silber 31Dec99,Bayerische Hypo-und Vereinsbank AG ZT Silber 31Dec99,DEHV2XAG,bayerische-silber-31dec99,1118196,,,,
germany,UBS Call DAX 31Dec99,UBS Deutschland AG Call DAX 31Dec99,DE550479,ubs-call-dax-31dec99,1119384,,,,
germany,CB ZT E.ON Long x3 31Dec99,Commerzbank AG ZT E.ON 31Dec99,DECZ24PM,cb-zt-e.on-long-x3-31dec99,1118704,,,,
germany,DZ ZT Kupfer LME Endlos 31Dec99,DZ Bank Zentral-Genossenschaftsbank AG ZT Kupfer LME 31Dec99,DEDZ0CDD,dz-zt-kupfer-lme-endlos-31dec99,1118229,,,,
germany,CB ZT Nokia Long x3 31Dec99,Commerzbank AG ZT Nokia 31Dec99,DECZ327H,cb-zt-nokia-long-x3-31dec99,1118728,,,,
germany,BNP ZT RBS TRY TR Index 31Dec99,BNP Paribas Arbitrage Issuance B.V. ZT RBS TRY Total Return Index 31Dec99,DE918722,bnp-zt-rbs-try-tr-index-31dec99,1119034,,,,
germany,BNP Call MSCI Chile Net TR USD,BNP Paribas Arbitrage Issuance B.V. Call MSCI Chile Net TR USD 31Dec99,DEAA2RDE,bnp-call-msci-chile-net-tr-usd,1119015,,,,
germany,BNP ZT RICI Energy ER 31Dec99,BNP Paribas Arbitrage Issuance B.V. ZT RICI Energy ER 31Dec99,DEAA0QL7,bnp-zt-rici-energy-er-31dec99,1119037,,,,
germany,BNP ZT RBS ZAR TR Index 31Dec99,BNP Paribas Arbitrage Issuance B.V. ZT RBS ZAR Total Return Index 31Dec99,DE918556,bnp-zt-rbs-zar-tr-index-31dec99,1119036,,,,
germany,BNP ZT RBS Vietnam II TR Index,BNP Paribas Arbitrage Issuance B.V. ZT RBS Vietnam II Total Return Index 31Dec99,DEAA01WG,bnp-zt-rbs-vietnam-ii-tr-index,1119035,,,,
germany,Bayerische DJ UBS Crude Oil 3M TR,Bayerische Hypo-und Vereinsbank AG ZT Dow Jones-UBS Crude Oil Subindex 3 Month Forward Total Return,DEHV5BKP,bayerische-dj-ubs-crude-oil-3m-tr,1119007,,,,
germany,BNP Call 2260.19 China Enterprises,BNP Paribas Arbitrage Issuance B.V. Call 2260.19 HKD Hang Seng China Enterprises 31Dec99,DE342602,bnp-call-2260.19-china-enterprises,1119008,,,,
germany,BNP Call 2457 EUR DAX 31Dec99,BNP Paribas Arbitrage Issuance B.V. Call 2457 EUR DAX 31Dec99,DE721792,bnp-call-2457-eur-dax-31dec99,1119009,,,,
germany,BNP Call 2730 EUR DAX 31Dec99,BNP Paribas Arbitrage Issuance B.V. Call 2730 EUR DAX 31Dec99,DE721791,bnp-call-2730-eur-dax-31dec99,1119010,,,,
germany,DZ ZT Kupfer LME 31Dec99,DZ Bank Zentral-Genossenschaftsbank AG ZT Kupfer LME 31Dec99,DEDZ0CEE,dz-zt-kupfer-lme-31dec99,1118228,,,,
germany,BNP Call 466.07 NYSE Arca Biotechno,BNP Paribas Arbitrage Issuance B.V. Call 466.07 USD NYSE Arca Biotechnology Index 31Dec99,DE167484,bnp-call-466.07-nyse-arca-biotechno,1119011,,,,
italy,Vontobel Call VT 7XL DJ 5.71,Vontobel Financial Products GmbH Call VT 7XL DJ 5.71 18Dec20,DEVN9C36,vontobel-call-vt-7xl-dj-5.71,1121072,,,,
italy,BNP Call Eurex DAX Future 15Dec21,BNP PARIBAS ISSUANCE Call Eurex DAX Index Future Continuation 1 15Dec21,NL266641,bnp-call-eurex-dax-future-15dec21,1120605,,,,
italy,Vontobel Put 7X Short Natural GasV4,Vontobel Financial Products GmbH Put 7X Short Index linked to Natural Gas (Henry Hub) Future V4 18De,DEVN9KLD,vontobel-put-7x-short-natural-gasv4,1121091,,,,
italy,Vontobel Call VT 7XL SP 500 18Dec20,Vontobel Call VT 7XL SP 500 18Dec20,DEVN9AA1,vontobel-call-vt-7xl-sp-500-18dec20,1121078,,,,
italy,Vontobel Call 3X Long UniCr 16Jun23,Vontobel Financial Products GmbH Call 3X Long Index linked to UniCredit SpA 16Jun23,DEVN9D04,vontobel-call-3x-long-unicr-16jun23,1121044,,,,
italy,Vontobel Put VT 7XS Wheat 18Dec20,Vontobel Put VT 7XS Wheat 18Dec20,DEVN9ACH,vontobel-put-vt-7xs-wheat-18dec20,1121118,,,,
italy,Vontobel Call VT 7XL XPD 18Dec20,Vontobel Call VT 7XL XPD 18Dec20,DEVN9AB3,vontobel-call-vt-7xl-xpd-18dec20,1121082,,,,
italy,BNP CALL FTSE MIB Future 19Mar21,BNP PARIBAS ISSUANCE CALL Milan Stock Exchange FTSE MIB Index Future 19Mar21,NL266387,bnp-call-ftse-mib-future-19mar21,1120619,,,,
italy,Bnp Iss - Isp 21Nv23,Bnp Iss - Isp 21Nv23,XS1859575604,bnp-iss-isp-21nv23,1159060,,,,
italy,Vontobel Call VT 7XL Nasdaq 100,Vontobel Call VT 7XL Nasdaq 100 18Dec20,DEVN9AA5,vontobel-call-vt-7xl-nasdaq-100,1121076,,,,
italy,Vontobel Call 7X Long Corn,Vontobel Financial Products GmbH Call 7X Long Index linked to Corn Future 18Dec20,DEVN9KLH,vontobel-call-7x-long-corn,1121049,,,,
italy,ALETTI 181007 STOXX Div 30 15Sep23,BANCA ALETTI & C ZT 1810.07 EUR EURO STOXX Select Dividend 30 INDEX 15Sep23,IT521251,aletti-181007-stoxx-div-30-15sep23,1120382,,,,
italy,Vontobel Put VT 7XS XAG 18Dec20,Vontobel Put VT 7XS XAG 18Dec20,DEVN9ABT,vontobel-put-vt-7xs-xag-18dec20,1121119,,,,
italy,Vontobel 4X Short on MIB,Vontobel Financial Products GmbH Fixed Lever 4X Short on MIB,DEVN9AAP,vontobel-4x-short-on-mib,1121013,,,,
italy,SG EURO STOXX 50 Short 5 GR 18Jun21,SG Issuer SA ZT EURO STOXX 50 Daily Short 5 USD GR Index 18Jun21,LU940070,sg-euro-stoxx-50-short-5-gr-18jun21,1121125,,,,
italy,Vontobel Call VT 7XL XAU 18Dec20,Vontobel Call VT 7XL XAU 18Dec20,DEVN9ABM,vontobel-call-vt-7xl-xau-18dec20,1121081,,,,
italy,Vontobel Put VT 5XS Coffee 2,Vontobel Put VT 5XS Coffee 2 18Dec20,DEVN9AB8,vontobel-put-vt-5xs-coffee-2,1121099,,,,
italy,Vontobel 5X Short on MIB,Vontobel Financial Products GmbH Fixed Lever 5X Short on MIB,DEVN9AAQ,vontobel-5x-short-on-mib,1121018,,,,
italy,Vontobel Put VT 7XS XAU 18Dec20,Vontobel Put VT 7XS XAU 18Dec20,DEVN9ABP,vontobel-put-vt-7xs-xau-18dec20,1121120,,,,
italy,BNP Zt 13074 Intesa SanPaolo 28Aug2,BNP PARIBAS ISSUANCE Zt 2.179 EUR Intesa SanPaolo SpA 28Aug20,NL303053,bnp-zt-13074-intesa-sanpaolo-28aug2,1120291,,,,
italy,Vontobel Put VT 3XS NOKIA 3 16Jun23,Vontobel Financial Products GmbH Put VT 3XS NOKIA 3 Index 16Jun23,DEVN9D0V,vontobel-put-vt-3xs-nokia-3-16jun23,1121097,,,,
italy,SG GOLD X7 LONG 18Jun21,SG ISSUER ZT GOLD X7 LONG 18Jun21,LU416992,sg-gold-x7-long-18jun21,1120997,,,,
italy,Vontobel 7X Long on Cocoa 9.09,Vontobel Financial Products GmbH 7X Long Fixed Lever on Cocoa 9.09,DEVN9BMB,vontobel-7x-long-on-cocoa-9.09,1121021,,,,
italy,BNP Put 29450 EUR FTSE MIB 18Dec20,BNP PARIBAS ISSUANCE Put 29450 EUR FTSE MIB Index 18Dec20,NL266723,bnp-put-29450-eur-ftse-mib-18dec20,1120466,,,,
italy,Vontobel Call VT 3XL TIT 16Jun23,Vontobel Financial Products GmbH Call VT 3XL TIT Index 16Jun23,DEVN9D00,vontobel-call-vt-3xl-tit-16jun23,1121058,,,,
italy,SG FTSE MIB TR 5x Daily RT 18Jun21,SG Issuer SA ZT FTSE MIB TR 5x Daily Leveraged RT Net-Of-Tax (Lux) Index 18Jun21,LU940045,sg-ftse-mib-tr-5x-daily-rt-18jun21,1120993,,,,
italy,SG GOLD X7 SHORT 18Jun21,SG ISSUER ZT GOLD X7 SHORT 18Jun21,LU417000,sg-gold-x7-short-18jun21,1120998,,,,
italy,Vontobel 7X Short linked to DAX,Vontobel 7X Short linked to DAX,DEVN9AAB,vontobel-7x-short-linked-to-dax,1120424,,,,
italy,Vontobel Put VT 5XS XAG 3 18Dec20,Vontobel Put VT 5XS XAG 3 18Dec20,DEVN9ABS,vontobel-put-vt-5xs-xag-3-18dec20,1121106,,,,
italy,Vontobel Call VT 7XL Corn 18Dec20,Vontobel Call VT 7XL Corn 18Dec20,DEVN9ACB,vontobel-call-vt-7xl-corn-18dec20,1121070,,,,
italy,Vontobel 7X Long linked to DAX,Vontobel 7X Long linked to DAX,DEVN9AAA,vontobel-7x-long-linked-to-dax,1120420,,,,
italy,Vontobel Put VT 7XS SP 500 18Dec20,Vontobel Put VT 7XS SP 500 18Dec20,DEVN9AA3,vontobel-put-vt-7xs-sp-500-18dec20,1121116,,,,
italy,SG 25.06.21 FTSE x5 Short,SG Issuer SA 25.06.21 FTSE x5 Short,LU940053,sg-25.06.21-ftse-x5-short,1120985,,,,
italy,Vontobel 7X Long on Coffee 10.74,Vontobel Financial Products GmbH 7X Long Fixed Lever on Coffee 10.74,DEVN9CG5,vontobel-7x-long-on-coffee-10.74,1121022,,,,
italy,BNP Put FTSE MIB Future 17Dec21,BNP PARIBAS ISSUANCE Put Milan Stock Exchange FTSE MIB Index Future 17Dec21,NL266640,bnp-put-ftse-mib-future-17dec21,1120616,,,,
italy,Vontobel Put VT 7XS Coffee 18Dec20,Vontobel Put VT 7XS Coffee 18Dec20,DEVN9AB9,vontobel-put-vt-7xs-coffee-18dec20,1121107,,,,
italy,Vontobel 5X Long Fixed Lever on MIB,Vontobel Financial Products GmbH 5X Long Fixed Lever on MIB,DEVN9AAL,vontobel-5x-long-fixed-lever-on-mib,1121014,,,,
italy,Uni Put Italia Leva 7 Short 16Oct20,UniCredit Bank AG Put Italia Leva 7 Short 16Oct20,DEHV40B6,uni-put-italia-leva-7-short-16oct20,1120943,,,,
italy,Uni Put Italia Leva 7 Short 15Oct21,UniCredit Bank AG Put Italia Leva 7 Short 15Oct21,DEHV42GD,uni-put-italia-leva-7-short-15oct21,1120942,,,,
italy,SG S&P 500 TR 01Apr21,SG ISSUER ZT S&P 500 TR 01Apr21,LU137671,sg-s-p-500-tr-01apr21,1121129,,,,
italy,SG SLVR X7 SHORT 18Jun21,SG ISSUER ZT SLVR X7 SHORT 18Jun21,LU417077,sg-slvr-x7-short-18jun21,1121006,,,,
italy,BNP Put Eurex DAX Future 15Dec21,BNP PARIBAS ISSUANCE Put Eurex DAX Index Future Continuation 1 15Dec21,NL266642,bnp-put-eurex-dax-future-15dec21,1120602,,,,
italy,Vontobel Put 3X Short Tesla 16Jun23,Vontobel Financial Products GmbH Put 3X Short Index linked to Tesla Motors Inc. 16Jun23,DEVN9D1B,vontobel-put-3x-short-tesla-16jun23,1121088,,,,
italy,Uni Call Italia X 7 Long 15Oct21,UniCredit Bank AG Call Italia X 7 Long Index 15Oct21,DEHV41JE,uni-call-italia-x-7-long-15oct21,1120930,,,,
italy,Bayerische Call ShortDAX x7 22Oct21,Bayerische Hypo-und Vereinsbank AG Call ShortDAX x7 (Total Return) (EUR) Index 22Oct21,DEHV42GC,bayerische-call-shortdax-x7-22oct21,1120400,,,,
italy,Vontobel 7X Short su Cacao,Vontobel Financial Products GmbH Leva Fissa 7X Short su Cacao,DEVN9DZU,vontobel-7x-short-su-cacao,1121035,,,,
italy,Vontobel Put VT 5XS Nasdaq 199,Vontobel Put VT 5XS Nasdaq 199 18Dec20,DEVN9AA6,vontobel-put-vt-5xs-nasdaq-199,1121102,,,,
italy,LU2158823141,SG ISSUER ZT GAS X7 LONG 18Jun21,LU019080,lu2158823141,1161335,,,,
italy,BNP PUT FTSE MIB Future 19Mar21,BNP PARIBAS ISSUANCE PUT Milan Stock Exchange FTSE MIB Index Future 19Mar21,NL266388,bnp-put-ftse-mib-future-19mar21,1120617,,,,
italy,Uni Call Italia X 7 Long 16Oct20,UniCredit Bank AG Call Italia X 7 Long Index 16Oct20,DEHV40B5,uni-call-italia-x-7-long-16oct20,1120931,,,,
netherlands,BNP Put 44298 NETFLIX INC 31Dec99,BNP PARIBAS ARBITRAGE ISSUANCE BV Put 442.98 USD NETFLIX INC 31Dec99,NL0013282791,bnp-put-44298-netflix-inc-31dec99,1121574,,,,
netherlands,BNP Put 5384 COCA COLA CO 31Dec99,BNP PARIBAS ARBITRAGE ISSUANCE BV Put 53.84 USD COCA COLA CO 31Dec99,NL0013281991,bnp-put-5384-coca-cola-co-31dec99,1121575,,,,
netherlands,BNP Put 708081 NASDAQ-100 31Dec99,BNP PARIBAS ARBITRAGE ISSUANCE BV Put 7080.81 USD NASDAQ-100 31Dec99,NL0013164395,bnp-put-708081-nasdaq-100-31dec99,1121576,,,,
netherlands,BNP Put 719192 NASDAQ-100 31Dec99,BNP PARIBAS ARBITRAGE ISSUANCE BV Put 7191.92 USD NASDAQ-100 31Dec99,NL0013152515,bnp-put-719192-nasdaq-100-31dec99,1121577,,,,
netherlands,BNP Put 4290 EUR STOXX 50 31Dec99,BNP PARIBAS ARBITRAGE ISSUANCE BV Put 4290 EUR EURO STOXX 50 31Dec99,NL0011090709,bnp-put-4290-eur-stoxx-50-31dec99,1121582,,,,
netherlands,GS Put 4950 EUR STOXX 50 31Dec99,GOLDMAN SACHS & CO WERTP.GMBH Put 4950 EUR EURO STOXX 50 31Dec99,NL0011231071,gs-put-4950-eur-stoxx-50-31dec99,1121569,,,,
netherlands,GS Call 34AIR FRANCE KLM 31Dec99,GOLDMAN SACHS & CO WERTP.GMBH Call 3.4 EUR AIR FRANCE KLM 31Dec99,NL0011240825,gs-call-34air-france-klm-31dec99,1121579,,,,
netherlands,GS Call 533ARCELORMITTAL 31Dec99,GOLDMAN SACHS & CO WERTP.GMBH Call 5.33 EUR ARCELORMITTAL 31Dec99,NL0011979356,gs-call-533arcelormittal-31dec99,1121581,,,,
netherlands,BNP Put 42183 NETFLIX INC 31Dec99,BNP PARIBAS ARBITRAGE ISSUANCE BV Put 421.83 USD NETFLIX INC 31Dec99,NL0013282783,bnp-put-42183-netflix-inc-31dec99,1121573,,,,
netherlands,GS Call 1981394AHOLD DEL 31Dec99,GOLDMAN SACHS & CO WERTP.GMBH Call 19.81394 EUR AHOLD DEL 31Dec99,NL0013132558,gs-call-1981394ahold-del-31dec99,1121578,,,,
netherlands,BNP Put 18134 NVIDIA CORP 31Dec99,BNP PARIBAS ARBITRAGE ISSUANCE BV Put 181.34 USD NVIDIA CORP 31Dec99,NL0013162688,bnp-put-18134-nvidia-corp-31dec99,1121571,,,,
netherlands,GS Put 31.13333 EUR APERAM 31Dec99,GOLDMAN SACHS & CO WERTP.GMBH Put 31.13333 EUR APERAM 31Dec99,NL0013180813,gs-put-31.13333-eur-aperam-31dec99,1121522,,,,
netherlands,GS Call 582242 EUR BAYER AG 31Dec99,GOLDMAN SACHS & CO WERTP.GMBH Call 58.2242 EUR BAYER AG 31Dec99,NL0013228018,gs-call-582242-eur-bayer-ag-31dec99,1121546,,,,
netherlands,GS Call 13809524 Baidu Inc 31Dec99,GOLDMAN SACHS & CO WERTP.GMBH Call 138.09524 USD Baidu Inc 31Dec99,NL0013184633,gs-call-13809524-baidu-inc-31dec99,1121591,,,,
netherlands,GS Call 5.05 EUR TOMTOM NV 31Dec99,GOLDMAN SACHS & CO WERTP.GMBH Call 5.05 EUR TOMTOM NV 31Dec99,NL0011040597,gs-call-5.05-eur-tomtom-nv-31dec99,1121515,,,,
netherlands,GS Put 11.98 EUR TOMTOM NV 31Dec99,GOLDMAN SACHS & CO WERTP.GMBH Put 11.98 EUR TOMTOM NV 31Dec99,NL0011732458,gs-put-11.98-eur-tomtom-nv-31dec99,1121521,,,,
netherlands,GS Put 1.315 USD EUR / USD 31Dec99,GOLDMAN SACHS & CO WERTP.GMBH Put 1.315 USD EUR / USD 31Dec99,NL0011040993,gs-put-1.315-usd-eur-usd-31dec99,1121520,,,,
netherlands,GS Put 1.17789 USD EUR/USD 31Dec99,GOLDMAN SACHS & CO WERTP.GMBH Put 1.17789 USD EUR/USD 31Dec99,NL0013081672,gs-put-1.17789-usd-eur-usd-31dec99,1121519,,,,
netherlands,GS Put 1.17085 USD EUR/USD 31Dec99,GOLDMAN SACHS & CO WERTP.GMBH Put 1.17085 USD EUR/USD 31Dec99,NL0013188832,gs-put-1.17085-usd-eur-usd-31dec99,1121518,,,,
netherlands,GS Put 1.16985 USD EUR/USD 31Dec99,GOLDMAN SACHS & CO WERTP.GMBH Put 1.16985 USD EUR/USD 31Dec99,NL0013184922,gs-put-1.16985-usd-eur-usd-31dec99,1121517,,,,
netherlands,GS Put 1.15779 USD EUR/USD 31Dec99,GOLDMAN SACHS & CO WERTP.GMBH Put 1.15779 USD EUR/USD 31Dec99,NL0013230766,gs-put-1.15779-usd-eur-usd-31dec99,1121516,,,,
netherlands,GS Call 2680 EUR STOXX 50 31Dec99,GOLDMAN SACHS & CO WERTP.GMBH Call 2680 EUR EURO STOXX 50 31Dec99,NL0011602669,gs-call-2680-eur-stoxx-50-31dec99,1121583,,,,
netherlands,GS Put 192 EUR SBM OFFSHORE 31Dec99,GOLDMAN SACHS & CO WERTP.GMBH Put 19.2 EUR SBM OFFSHORE 31Dec99,NL0011230149,gs-put-192-eur-sbm-offshore-31dec99,1121548,,,,
netherlands,GS Call 36 ICE BRENT 07/16 31Dec99,GOLDMAN SACHS & CO WERTP.GMBH Call 36 USD ICE BRENT 07/16 31Dec99,NL0011727763,gs-call-36-ice-brent-07-16-31dec99,1121584,,,,
netherlands,BNP Put 3106BASIC-FIT NV 31Dec99,BNP PARIBAS ARBITRAGE ISSUANCE BV Put 31.06 EUR BASIC-FIT NV 31Dec99,NL0013281926,bnp-put-3106basic-fit-nv-31dec99,1121572,,,,
netherlands,BNP Put 2389ARCELORMITTAL 31Dec99,BNP PARIBAS ARBITRAGE ISSUANCE BV Put 23.89 EUR ARCELORMITTAL 31Dec99,NL0013161193,bnp-put-2389arcelormittal-31dec99,1121587,,,,
netherlands,BNP Put 10523Galapagos NV 31Dec99,BNP PARIBAS ARBITRAGE ISSUANCE BV Put 105.23 EUR Galapagos NV 31Dec99,NL0013169063,bnp-put-10523galapagos-nv-31dec99,1121585,,,,
netherlands,BNP Put 909 USD QUALCOMM INC 31Dec9,BNP PARIBAS ARBITRAGE ISSUANCE BV Put 90.9 USD QUALCOMM INC 31Dec99,NL0012020440,bnp-put-909-usd-qualcomm-inc-31dec9,1121558,,,,
netherlands,BNP Put 6498 EUR TAKEAWAYCOM 31Dec9,BNP PARIBAS ARBITRAGE ISSUANCE BV Put 64.98 EUR TAKEAWAY.COM 31Dec99,NL0013282627,bnp-put-6498-eur-takeawaycom-31dec9,1121565,,,,
netherlands,GS Put 825946 EUR AKZO NOBEL 31Dec9,GOLDMAN SACHS & CO WERTP.GMBH Put 82.5946 EUR AKZO NOBEL 31Dec99,NL0013085319,gs-put-825946-eur-akzo-nobel-31dec9,1121564,,,,
netherlands,GS Call 9224 USD GOLD FIXING 31Dec9,GOLDMAN SACHS & CO WERTP.GMBH Call 922.4 USD GOLD FIXING 31Dec99,NL0011417688,gs-call-9224-usd-gold-fixing-31dec9,1121563,,,,
netherlands,GS Call 464 EUR KBC GROEP NV 31Dec9,GOLDMAN SACHS & CO WERTP.GMBH Call 46.4 EUR KBC GROEP NV 31Dec99,NL0011934724,gs-call-464-eur-kbc-groep-nv-31dec9,1121562,,,,
netherlands,GS Call 452 EUR DAIMLER BENZ 31Dec9,GOLDMAN SACHS & CO WERTP.GMBH Call 45.2 EUR DAIMLER BENZ 31Dec99,NL0011049622,gs-call-452-eur-daimler-benz-31dec9,1121561,,,,
netherlands,GS Call 357 EUR KBC GROEP NV 31Dec9,GOLDMAN SACHS & CO WERTP.GMBH Call 35.7 EUR KBC GROEP NV 31Dec99,NL0011891346,gs-call-357-eur-kbc-groep-nv-31dec9,1121560,,,,
netherlands,GS Call 2037208 EUR BOSKALIS 31Dec9,GOLDMAN SACHS & CO WERTP.GMBH Call 20.37208 EUR BOSKALIS 31Dec99,NL0013230428,gs-call-2037208-eur-boskalis-31dec9,1121559,,,,
netherlands,GS Call 2520 USD S AND P 500 31Dec9,GOLDMAN SACHS & CO WERTP.GMBH Call 2520 USD S AND P 500 31Dec99,NL0013228364,gs-call-2520-usd-s-and-p-500-31dec9,1121556,,,,
netherlands,BNP Call KONINKLIJKE WESSAN 31Dec99,BNP PARIBAS ARBITRAGE ISSUANCE BV Call KONINKLIJKE WESSANEN 31Dec99,NL0013157803,bnp-call-koninklijke-wessan-31dec99,1121567,,,,
netherlands,BNP Put 24813 JPY NIKKEI 225 31Dec9,BNP PARIBAS ARBITRAGE ISSUANCE BV Put 24813 JPY NIKKEI 225 31Dec99,NL0013157308,bnp-put-24813-jpy-nikkei-225-31dec9,1121555,,,,
netherlands,BNP Call 10 USD NYMEX CRUDE 03/16,BNP PARIBAS ARBITRAGE ISSUANCE BV Call 10 USD NYMEX LS CRUDE 03/16 31Dec99,NL0011636956,bnp-call-10-usd-nymex-crude-03-16,1119431,,,,
netherlands,BNP Put 24292 JPY NIKKEI 225 31Dec9,BNP PARIBAS ARBITRAGE ISSUANCE BV Put 24292 JPY NIKKEI 225 31Dec99,NL0013157290,bnp-put-24292-jpy-nikkei-225-31dec9,1121554,,,,
netherlands,BNP Put 23771 JPY NIKKEI 225 31Dec9,BNP PARIBAS ARBITRAGE ISSUANCE BV Put 23771 JPY NIKKEI 225 31Dec99,NL0013157282,bnp-put-23771-jpy-nikkei-225-31dec9,1121553,,,,
netherlands,BNP Put 2945 EUR CORBION NV 31Dec99,BNP PARIBAS ARBITRAGE ISSUANCE BV Put 29.45 EUR CORBION N.V. 31Dec99,NL0013282015,bnp-put-2945-eur-corbion-nv-31dec99,1121552,,,,
netherlands,GS Put 901 EUR KBC GROEP NV 31Dec99,GOLDMAN SACHS & CO WERTP.GMBH Put 90.1 EUR KBC GROEP NV 31Dec99,NL0011994009,gs-put-901-eur-kbc-groep-nv-31dec99,1121551,,,,
netherlands,GS Put 3910857 EUR AALBERTS 31Dec99,GOLDMAN SACHS & CO WERTP.GMBH Put 39.10857 EUR AALBERTS 31Dec99,NL0013084965,gs-put-3910857-eur-aalberts-31dec99,1121550,,,,
netherlands,GS Put 3601143 EUR AALBERTS 31Dec99,GOLDMAN SACHS & CO WERTP.GMBH Put 36.01143 EUR AALBERTS 31Dec99,NL0013190556,gs-put-3601143-eur-aalberts-31dec99,1121549,,,,
netherlands,BNP Put 6833 EUR TAKEAWAYCOM 31Dec9,BNP PARIBAS ARBITRAGE ISSUANCE BV Put 68.33 EUR TAKEAWAY.COM 31Dec99,NL0013275530,bnp-put-6833-eur-takeawaycom-31dec9,1121566,,,,
netherlands,BNP Call Crude Oil 03/19 31Dec99,BNP PARIBAS ARBITRAGE ISSUANCE BV Call NYMEX LS CRUDE 03/19 31Dec99,NL0013284516,bnp-call-crude-oil-03-19-31dec99,1121568,,,,
netherlands,GS Call 86 EUR SBM OFFSHORE 31Dec99,GOLDMAN SACHS & CO WERTP.GMBH Call 8.6 EUR SBM OFFSHORE 31Dec99,NL0011041835,gs-call-86-eur-sbm-offshore-31dec99,1121547,,,,
netherlands,GS Call 465ARCELORMITTAL 31Dec99,GOLDMAN SACHS & CO WERTP.GMBH Call 4.65 EUR ARCELORMITTAL 31Dec99,NL0011926886,gs-call-465arcelormittal-31dec99,1121580,,,,
netherlands,BNP Put 280809 USD S&P 500 31Dec99,BNP PARIBAS ARBITRAGE ISSUANCE BV Put 2808.09 USD S AND P 500 31Dec99,NL0013164411,bnp-put-280809-usd-s-p-500-31dec99,1121589,,,,
sweden,NBp Call S&P 500 31Dec99,Nordea Bank Abp Call S&P 500 31Dec99,SE0011978634,nbp-call-s-p-500-31dec99,1122914,,,,
sweden,NB ZT 66 SEK ELEKTA B 31Dec99,Nordea Bank AB ZT 66 SEK ELEKTA B 31Dec99,SE0010978080,nb-zt-66-sek-elekta-b-31dec99,1122879,,,,
sweden,NB ZT 73 SEK Nordea Bank 31Dec99,Nordea Bank AB ZT 73 SEK Nordea Bank 31Dec99,SE0010978189,nb-zt-73-sek-nordea-bank-31dec99,1122881,,,,
sweden,NB ZT 3450 USD S&P 500 31Dec99,Nordea Bank AB ZT 3450 USD S&P 500 31Dec99,SE0010825208,nb-zt-3450-usd-s-p-500-31dec99,1122876,,,,
sweden,NB Call 5550 USD NASDAQ 100 31Dec99,Nordea Bank AB Call 5550 USD NASDAQ 100 31Dec99,SE0010979104,nb-call-5550-usd-nasdaq-100-31dec99,1122781,,,,
sweden,NB ZT 69 SEK Stora Enso Oyj 31Dec99,Nordea Bank AB ZT 69 SEK Stora Enso Oyj 31Dec99,SE0010821744,nb-zt-69-sek-stora-enso-oyj-31dec99,1122880,,,,
sweden,NB Call 1270 SEK OMXS30 31Dec99,Nordea Bank AB Call 1270 SEK OMXS30 31Dec99,SE0010140251,nb-call-1270-sek-omxs30-31dec99,1122759,,,,
sweden,NB Call 1100 SEK OMXS30 31Dec99,Nordea Bank AB Call 1100 SEK OMXS30 31Dec99,SE0009892888,nb-call-1100-sek-omxs30-31dec99,1122752,,,,
sweden,NB Call 1170 SEK OMXS30 31Dec99,Nordea Bank AB Call 1170 SEK OMXS30 31Dec99,SE0010140244,nb-call-1170-sek-omxs30-31dec99,1122755,,,,
sweden,NBp Call x12 Brent Oil 314 Dec99,Nordea Bank Abp Call x12 ICE Brent Crude Oil 314 Dec99,SE0011759224,nbp-call-x12-brent-oil-314-dec99,1122920,,,,
sweden,NBp Call x18 OMXS30 31Dec99,Nordea Bank Abp Call x18 OMXS30 31Dec99,SE0011761287,nbp-call-x18-omxs30-31dec99,1122923,,,,
sweden,NBp Call Silver 31Dec99,Nordea Bank Abp Call Silver 31Dec99,SE0011979285,nbp-call-silver-31dec99,1122915,,,,
sweden,NB ZT 47.7 SEK Ericsson ser. B,Nordea Bank AB ZT 47.7 SEK Ericsson ser. B 31Dec99,SE0010829101,nb-zt-47.7-sek-ericsson-ser.-b,1122878,,,,
sweden,NBp Call x20 OMXS30 31Dec99,Nordea Bank Abp Call x20 OMXS30 31Dec99,SE0011978659,nbp-call-x20-omxs30-31dec99,1122924,,,,
sweden,NBp Call 38 SEK Collector 31Dec99,Nordea Bank Abp Call 38 SEK Collector 31Dec99,SE0011424738,nbp-call-38-sek-collector-31dec99,1122898,,,,
sweden,NBp Call x10 ICE Brent Crude Oil,Nordea Bank Abp Call x10 ICE Brent Crude Oil 31Dec99,SE0011761717,nbp-call-x10-ice-brent-crude-oil,1122918,,,,
sweden,NBp Call DAX 31Dec99,Nordea Bank Abp Call DAX 31Dec99,SE0011978675,nbp-call-dax-31dec99,1122910,,,,
sweden,NBp Call x15 ICE Brent Crude Oil,Nordea Bank Abp Call x15 ICE Brent Crude Oil 31Dec99,SE0011979244,nbp-call-x15-ice-brent-crude-oil,1122922,,,,
sweden,NBp Call x10 ICE Brent Crude Oil 4,Nordea Bank Abp Call x10 ICE Brent Crude Oil 4 31Dec99,SE0011759240,nbp-call-x10-ice-brent-crude-oil-4,1122919,,,,
sweden,NBp Call 11.6 USD Silver 31Dec99,Nordea Bank Abp Call 11.6 USD Silver 31Dec99,SE0011756543,nbp-call-11.6-usd-silver-31dec99,1122885,,,,
sweden,NBp Call Boliden AB 31Dec99,Nordea Bank Abp Call Boliden AB 31Dec99,SE0011423383,nbp-call-boliden-ab-31dec99,1122909,,,,
sweden,NB Call 1222 SEK OMXS30 31Dec99,Nordea Bank AB Call 1222 SEK OMXS30 31Dec99,SE0009982739,nb-call-1222-sek-omxs30-31dec99,1122757,,,,
sweden,NBp Call x12 ICE Brent Crude Oil,Nordea Bank Abp Call x12 ICE Brent Crude Oil 31Dec99,SE0011975044,nbp-call-x12-ice-brent-crude-oil,1122921,,,,
sweden,NB Call 24 SEK Lundin Mining Corp,Nordea Bank AB Call 24 SEK Lundin Mining Corp  31Dec99,SE0009983166,nb-call-24-sek-lundin-mining-corp,1122772,,,,
sweden,NB Call MINI GULD NORDENT 7 31Dec99,Nordea Bank AB Call MINI GULD NORDENT 7 31Dec99,SE0009978984,nb-call-mini-guld-nordent-7-31dec99,1122800,,,,
sweden,NB Put 1100 NOK OBX International,Nordea Bank AB Put 1100 NOK OBX International 31Dec99,NO0010828502,nb-put-1100-nok-obx-international,1122806,,,,
sweden,NBp Call 130 SEK Boliden AB 31Dec99,Nordea Bank Abp Call 130 SEK Boliden AB 31Dec99,SE0011424696,nbp-call-130-sek-boliden-ab-31dec99,1122888,,,,
sweden,NBp Call Hennes and Mauritz ser. B,Nordea Bank Abp Call Hennes and Mauritz ser. B 31Dec99,SE0011423425,nbp-call-hennes-and-mauritz-ser.-b,1122913,,,,
sweden,NBp Call SSAB A shares 31Dec99,Nordea Bank Abp Call SSAB A shares 31Dec99,SE0011423664,nbp-call-ssab-a-shares-31dec99,1122916,,,,
sweden,NBp Call Gold 31Dec99,Nordea Bank Abp Call Gold 31Dec99,SE0011979269,nbp-call-gold-31dec99,1122912,,,,
sweden,NBp Call x5 Swedbank 31Dec99,Nordea Bank Abp Call x5 Swedbank 31Dec99,SE0011423581,nbp-call-x5-swedbank-31dec99,1122926,,,,
sweden,NB Call 6500 EUR DAX 31Dec99,Nordea Bank AB Call 6500 EUR DAX 31Dec99,SE0009892599,nb-call-6500-eur-dax-31dec99,1122785,,,,
sweden,NB Call 8.3 USD COMEX Silver,Nordea Bank AB Call 8.3 USD COMEX Silver Commodity 31Dec99,SE0009982242,nb-call-8.3-usd-comex-silver,1122787,,,,
sweden,NB ZT 2230 SEK OMXS30 31Dec99,Nordea Bank AB ZT 2230 SEK OMXS30 31Dec99,SE0010825729,nb-zt-2230-sek-omxs30-31dec99,1122871,,,,
sweden,NBp Call 1175 USD Gold 31Dec99,Nordea Bank Abp Call 1175 USD Gold 31Dec99,SE0011759885,nbp-call-1175-usd-gold-31dec99,1122886,,,,
sweden,NB ZT 4140 USD S&P 500 31Dec99,Nordea Bank AB ZT 4140 USD S&P 500 31Dec99,SE0010825190,nb-zt-4140-usd-s-p-500-31dec99,1122877,,,,
sweden,NB ZT 312 SEK Investor B shares,Nordea Bank AB ZT 312 SEK Investor B shares 31Dec99,SE0010978163,nb-zt-312-sek-investor-b-shares,1122875,,,,
sweden,NB Call Mekonomen 31Dec99,Nordea Bank AB Call Mekonomen 31Dec99,SE0011170307,nb-call-mekonomen-31dec99,1122797,,,,
sweden,NBp Call x4 Swedbank 31Dec99,Nordea Bank Abp Call x4 Swedbank 31Dec99,SE0011423565,nbp-call-x4-swedbank-31dec99,1122925,,,,
sweden,NB Call Fingerprint Cards B 31Dec99,Nordea Bank AB Call Fingerprint Cards B 31Dec99,SE0011168244,nb-call-fingerprint-cards-b-31dec99,1122794,,,,
sweden,NBp Call 90 SEK Tele2 AB ser. B,Nordea Bank Abp Call 90 SEK Tele2 AB ser. B 31Dec99,SE0011752310,nbp-call-90-sek-tele2-ab-ser.-b,1122908,,,,
sweden,NB ZT 237 SEK Volvo AB ser. B,Nordea Bank AB ZT 237 SEK Volvo AB ser. B 31Dec99,SE0010629618,nb-zt-237-sek-volvo-ab-ser.-b,1122872,,,,
sweden,NB Put 15800 EUR DAX 31Dec99,Nordea Bank AB Put 15800 EUR DAX 31Dec99,SE0009892755,nb-put-15800-eur-dax-31dec99,1122813,,,,
sweden,NB Call 42 SEK ELEKTA B 31Dec99,Nordea Bank AB Call 42 SEK ELEKTA B 31Dec99,SE0009983018,nb-call-42-sek-elekta-b-31dec99,1122775,,,,
sweden,NB Call MINI GULD NORDENT 14,Nordea Bank AB Call MINI GULD NORDENT 14 31Dec99,SE0009979057,nb-call-mini-guld-nordent-14,1122799,,,,
sweden,NB Put 19000 EUR DAX 31Dec99,Nordea Bank AB Put 19000 EUR DAX 31Dec99,SE0009892730,nb-put-19000-eur-dax-31dec99,1122820,,,,
sweden,NB Put 960 NOK OBX International,Nordea Bank AB Put 960 NOK OBX International 31Dec99,NO0010828486,nb-put-960-nok-obx-international,1122846,,,,
sweden,NBp Call Volvo AB ser. B 31Dec99,Nordea Bank Abp Call Volvo AB ser. B 31Dec99,SE0011423623,nbp-call-volvo-ab-ser.-b-31dec99,1122917,,,,
sweden,NBp Call Fingerprint Cards B,Nordea Bank Abp Call Fingerprint Cards B 31Dec99,SE0011978972,nbp-call-fingerprint-cards-b,1122911,,,,
sweden,NBp Call 1320 SEK OMXS30 31Dec99,Nordea Bank Abp Call 1320 SEK OMXS30 31Dec99,SE0011758853,nbp-call-1320-sek-omxs30-31dec99,1122889,,,,
